point_index,lon,lat,bdod_0_to_5cm_mean,bdod_5_to_15cm_mean,bdod_15_to_30cm_mean,clay_0_to_5cm_mean,clay_5_to_15cm_mean,clay_15_to_30cm_mean,phh2o_0_to_5cm_mean,phh2o_5_to_15cm_mean,phh2o_15_to_30cm_mean,sand_0_to_5cm_mean,sand_5_to_15cm_mean,sand_15_to_30cm_mean,silt_0_to_5cm_mean,silt_5_to_15cm_mean,silt_15_to_30cm_mean,soc_0_to_5cm_mean,soc_5_to_15cm_mean,soc_15_to_30cm_mean,error
1,4.584692,45.81672,125.0,134.0,141.0,250.0,270.0,302.0,58.0,59.0,59.0,375.0,366.0,366.0,375.0,364.0,332.0,489.0,249.0,246.0,
0,4.680379,45.893933,128.0,138.0,141.0,303.0,319.0,338.0,62.0,64.0,64.0,263.0,243.0,275.0,434.0,438.0,387.0,467.0,254.0,182.0,
3,4.601575,45.908022,133.0,140.0,144.0,247.0,268.0,288.0,60.0,61.0,61.0,334.0,320.0,329.0,418.0,412.0,383.0,401.0,289.0,153.0,
2,4.671533,45.983716,129.0,139.0,143.0,249.0,254.0,300.0,63.0,63.0,63.0,305.0,295.0,313.0,446.0,451.0,387.0,422.0,271.0,154.0,
6,4.439863,46.224665,102.0,116.0,121.0,188.0,172.0,205.0,52.0,52.0,52.0,505.0,514.0,494.0,306.0,314.0,301.0,786.0,620.0,239.0,
5,4.497083,46.173451,98.0,111.0,114.0,216.0,204.0,215.0,54.0,55.0,55.0,461.0,463.0,466.0,322.0,332.0,319.0,756.0,461.0,237.0,
4,4.48049,46.082345,126.0,134.0,138.0,209.0,201.0,223.0,58.0,59.0,59.0,466.0,470.0,450.0,325.0,329.0,327.0,631.0,344.0,233.0,
7,4.412194,46.241253,121.0,135.0,141.0,172.0,151.0,189.0,53.0,53.0,53.0,545.0,566.0,531.0,283.0,283.0,280.0,675.0,491.0,271.0,
9,5.64539,47.34516,133.0,142.0,143.0,338.0,341.0,373.0,66.0,68.0,67.0,154.0,150.0,154.0,508.0,510.0,472.0,487.0,247.0,199.0,
8,4.563698,46.285153,128.0,140.0,143.0,178.0,172.0,199.0,57.0,56.0,56.0,504.0,509.0,479.0,318.0,319.0,321.0,577.0,258.0,229.0,
11,5.79918,47.42265,127.0,139.0,141.0,263.0,263.0,309.0,70.0,71.0,71.0,136.0,130.0,150.0,602.0,606.0,540.0,530.0,236.0,168.0,
12,5.632912,47.506238,130.0,138.0,140.0,276.0,277.0,296.0,68.0,70.0,70.0,214.0,204.0,226.0,511.0,518.0,478.0,478.0,253.0,148.0,
15,5.931049,47.77007,127.0,137.0,139.0,327.0,336.0,355.0,63.0,65.0,64.0,151.0,142.0,176.0,522.0,522.0,468.0,563.0,233.0,143.0,
16,6.276079,47.800378,117.0,128.0,134.0,301.0,294.0,342.0,54.0,55.0,55.0,112.0,103.0,135.0,587.0,603.0,523.0,766.0,372.0,233.0,
13,5.516016,47.627676,128.0,137.0,139.0,319.0,309.0,349.0,66.0,69.0,69.0,166.0,153.0,187.0,515.0,538.0,464.0,525.0,236.0,203.0,
18,6.309139,47.711444,114.0,131.0,133.0,369.0,381.0,445.0,57.0,59.0,59.0,101.0,90.0,110.0,530.0,529.0,445.0,733.0,383.0,214.0,
19,6.406796,47.840796,112.0,125.0,128.0,264.0,257.0,264.0,52.0,53.0,53.0,320.0,324.0,314.0,417.0,419.0,422.0,795.0,342.0,218.0,
20,6.427239,47.931506,116.0,126.0,132.0,277.0,273.0,247.0,61.0,62.0,62.0,347.0,351.0,358.0,377.0,376.0,394.0,646.0,357.0,221.0,
14,5.802316,47.711145,126.0,134.0,135.0,338.0,329.0,342.0,64.0,66.0,65.0,149.0,141.0,167.0,513.0,530.0,490.0,612.0,347.0,172.0,
21,6.214798,47.906368,122.0,133.0,136.0,321.0,327.0,370.0,60.0,61.0,61.0,132.0,130.0,167.0,547.0,544.0,462.0,531.0,320.0,196.0,
22,6.109989,47.524411,109.0,128.0,132.0,288.0,281.0,294.0,57.0,59.0,58.0,218.0,211.0,221.0,495.0,508.0,484.0,938.0,440.0,234.0,
10,5.964908,47.338798,124.0,136.0,139.0,315.0,309.0,322.0,62.0,62.0,62.0,163.0,160.0,178.0,522.0,532.0,500.0,595.0,281.0,261.0,
25,5.786016,47.584369,126.0,137.0,140.0,309.0,293.0,328.0,66.0,67.0,67.0,208.0,210.0,240.0,483.0,497.0,431.0,503.0,226.0,149.0,
24,5.848266,47.803016,129.0,137.0,138.0,367.0,365.0,413.0,65.0,67.0,67.0,150.0,136.0,169.0,483.0,498.0,418.0,546.0,256.0,143.0,
27,5.822692,47.459634,117.0,132.0,138.0,249.0,254.0,294.0,54.0,55.0,55.0,154.0,149.0,174.0,597.0,597.0,531.0,735.0,313.0,183.0,
23,6.157611,47.598048,105.0,120.0,127.0,302.0,292.0,301.0,58.0,59.0,59.0,204.0,208.0,221.0,494.0,501.0,478.0,1057.0,500.0,286.0,
29,5.988563,47.375739,122.0,132.0,136.0,282.0,270.0,282.0,61.0,61.0,62.0,297.0,303.0,292.0,421.0,427.0,425.0,507.0,249.0,204.0,
26,5.651856,47.597133,129.0,136.0,138.0,342.0,352.0,364.0,65.0,67.0,67.0,162.0,158.0,170.0,496.0,490.0,466.0,567.0,225.0,141.0,
17,6.368753,47.623324,122.0,133.0,135.0,432.0,436.0,449.0,64.0,65.0,65.0,106.0,102.0,134.0,462.0,462.0,417.0,556.0,352.0,192.0,
31,6.094283,47.379555,120.0,134.0,138.0,274.0,268.0,281.0,61.0,62.0,63.0,203.0,203.0,217.0,523.0,529.0,502.0,595.0,280.0,178.0,
33,4.038514,46.329416,135.0,142.0,145.0,157.0,148.0,183.0,63.0,64.0,64.0,525.0,535.0,504.0,319.0,317.0,313.0,381.0,190.0,126.0,
30,5.71907,47.43746,125.0,135.0,140.0,335.0,349.0,356.0,61.0,61.0,61.0,152.0,144.0,165.0,513.0,506.0,479.0,567.0,285.0,208.0,
35,4.231336,46.231628,131.0,138.0,142.0,187.0,200.0,228.0,57.0,57.0,57.0,373.0,365.0,380.0,440.0,435.0,393.0,482.0,336.0,217.0,
36,5.197824,46.748543,126.0,136.0,141.0,212.0,195.0,238.0,62.0,63.0,63.0,210.0,190.0,229.0,578.0,615.0,533.0,635.0,284.0,155.0,
37,5.132748,46.601299,131.0,139.0,141.0,224.0,217.0,270.0,57.0,57.0,58.0,262.0,236.0,268.0,513.0,547.0,462.0,597.0,245.0,187.0,
28,5.946661,47.572433,126.0,137.0,139.0,373.0,367.0,361.0,64.0,65.0,65.0,190.0,192.0,205.0,436.0,441.0,435.0,670.0,253.0,188.0,
32,5.831418,47.351781,119.0,131.0,133.0,345.0,349.0,357.0,66.0,67.0,66.0,162.0,158.0,172.0,493.0,494.0,471.0,689.0,282.0,189.0,
40,4.725221,46.491846,117.0,130.0,132.0,283.0,312.0,337.0,63.0,63.0,63.0,340.0,309.0,325.0,377.0,379.0,337.0,733.0,340.0,215.0,
41,4.910516,46.464661,135.0,143.0,144.0,243.0,228.0,261.0,68.0,70.0,70.0,380.0,373.0,381.0,377.0,399.0,358.0,459.0,159.0,153.0,
34,4.310664,46.217818,131.0,141.0,144.0,142.0,141.0,173.0,56.0,56.0,56.0,556.0,562.0,503.0,302.0,297.0,324.0,451.0,313.0,159.0,
43,4.870709,46.877754,128.0,137.0,142.0,208.0,194.0,244.0,66.0,67.0,67.0,197.0,176.0,225.0,595.0,630.0,532.0,572.0,226.0,183.0,
44,4.631579,46.902228,125.0,135.0,139.0,264.0,269.0,300.0,64.0,65.0,65.0,268.0,263.0,309.0,468.0,467.0,391.0,543.0,299.0,166.0,
39,5.183069,46.910198,130.0,143.0,142.0,200.0,180.0,202.0,66.0,68.0,68.0,261.0,253.0,267.0,539.0,567.0,531.0,512.0,168.0,168.0,
42,4.917819,46.934121,134.0,142.0,144.0,198.0,189.0,235.0,65.0,66.0,66.0,284.0,273.0,290.0,519.0,537.0,475.0,431.0,170.0,137.0,
46,4.090271,47.036363,106.0,120.0,124.0,303.0,297.0,302.0,56.0,56.0,57.0,385.0,383.0,387.0,312.0,320.0,311.0,1037.0,468.0,283.0,
47,4.320433,47.102791,117.0,130.0,133.0,277.0,283.0,294.0,57.0,59.0,59.0,277.0,270.0,276.0,446.0,447.0,430.0,970.0,345.0,189.0,
38,5.300698,46.771111,124.0,135.0,140.0,411.0,421.0,428.0,63.0,63.0,63.0,142.0,131.0,149.0,447.0,448.0,423.0,526.0,427.0,186.0,
48,4.326371,47.048991,131.0,139.0,140.0,274.0,267.0,287.0,60.0,60.0,61.0,275.0,276.0,317.0,451.0,456.0,396.0,625.0,315.0,194.0,
49,4.257488,46.955145,132.0,136.0,138.0,266.0,255.0,264.0,59.0,59.0,59.0,357.0,356.0,378.0,377.0,390.0,358.0,433.0,293.0,218.0,
50,4.124561,46.966054,122.0,134.0,137.0,233.0,222.0,232.0,62.0,62.0,62.0,437.0,444.0,450.0,330.0,334.0,318.0,789.0,357.0,286.0,
51,4.15676,46.913645,115.0,128.0,133.0,273.0,247.0,276.0,57.0,59.0,59.0,446.0,470.0,438.0,281.0,282.0,286.0,708.0,320.0,249.0,
52,4.543783,46.988069,126.0,138.0,140.0,253.0,236.0,255.0,60.0,61.0,61.0,400.0,412.0,422.0,347.0,352.0,323.0,602.0,326.0,178.0,
53,4.330868,46.273094,125.0,137.0,139.0,205.0,224.0,235.0,56.0,56.0,57.0,426.0,407.0,413.0,369.0,369.0,352.0,546.0,356.0,211.0,
54,4.714566,46.599551,133.0,142.0,146.0,216.0,189.0,216.0,61.0,61.0,61.0,305.0,283.0,330.0,480.0,528.0,454.0,525.0,210.0,157.0,
55,4.74947,46.511016,129.0,140.0,140.0,236.0,222.0,232.0,61.0,62.0,62.0,353.0,345.0,355.0,412.0,433.0,414.0,652.0,337.0,165.0,
56,4.515628,46.49933,129.0,139.0,141.0,184.0,177.0,200.0,59.0,59.0,59.0,475.0,472.0,467.0,341.0,351.0,333.0,558.0,293.0,188.0,
58,4.241708,46.376646,133.0,140.0,143.0,237.0,254.0,285.0,59.0,59.0,59.0,344.0,324.0,349.0,419.0,422.0,366.0,529.0,365.0,207.0,
45,4.138693,47.075101,112.0,127.0,129.0,264.0,244.0,280.0,56.0,57.0,57.0,317.0,319.0,342.0,418.0,437.0,378.0,880.0,434.0,264.0,
59,4.582979,46.863696,127.0,137.0,139.0,267.0,235.0,236.0,64.0,66.0,65.0,434.0,444.0,445.0,299.0,321.0,320.0,625.0,304.0,149.0,
60,4.554933,46.880329,129.0,138.0,139.0,270.0,251.0,245.0,66.0,67.0,67.0,481.0,496.0,485.0,249.0,253.0,270.0,608.0,279.0,165.0,
62,4.325378,46.814338,128.0,135.0,140.0,226.0,215.0,220.0,60.0,60.0,61.0,421.0,419.0,433.0,353.0,366.0,347.0,510.0,306.0,171.0,
64,4.599483,46.702113,132.0,141.0,142.0,281.0,296.0,306.0,60.0,61.0,60.0,388.0,361.0,374.0,331.0,342.0,321.0,454.0,327.0,132.0,
57,4.593588,46.503293,131.0,142.0,143.0,224.0,238.0,256.0,60.0,60.0,60.0,287.0,250.0,288.0,488.0,512.0,457.0,586.0,302.0,150.0,
65,3.914563,46.503001,127.0,139.0,143.0,223.0,220.0,238.0,59.0,58.0,59.0,480.0,477.0,456.0,297.0,302.0,305.0,517.0,288.0,139.0,
63,4.644411,46.776473,106.0,120.0,124.0,187.0,184.0,209.0,52.0,53.0,53.0,466.0,465.0,474.0,347.0,352.0,316.0,940.0,466.0,238.0,
67,4.012383,46.562698,120.0,134.0,139.0,186.0,179.0,183.0,51.0,53.0,53.0,441.0,441.0,425.0,373.0,380.0,393.0,610.0,335.0,157.0,
61,4.291428,46.884694,105.0,118.0,121.0,237.0,235.0,262.0,55.0,56.0,56.0,421.0,421.0,428.0,342.0,344.0,310.0,1087.0,513.0,198.0,
70,4.002216,46.652383,133.0,142.0,145.0,184.0,159.0,199.0,61.0,61.0,61.0,544.0,562.0,509.0,272.0,280.0,292.0,392.0,237.0,141.0,
66,4.577158,46.664881,132.0,141.0,142.0,248.0,229.0,243.0,64.0,65.0,65.0,366.0,338.0,371.0,386.0,433.0,386.0,519.0,292.0,157.0,
71,4.222858,46.790813,128.0,138.0,141.0,239.0,220.0,241.0,60.0,61.0,61.0,456.0,470.0,462.0,304.0,309.0,297.0,654.0,325.0,206.0,
73,4.471069,46.677553,133.0,142.0,142.0,180.0,171.0,207.0,58.0,58.0,58.0,461.0,442.0,430.0,359.0,387.0,363.0,480.0,275.0,178.0,
72,4.06018,46.836149,129.0,138.0,139.0,215.0,212.0,251.0,60.0,60.0,60.0,459.0,464.0,432.0,326.0,324.0,317.0,572.0,332.0,190.0,
75,4.416999,46.692793,131.0,140.0,141.0,209.0,196.0,217.0,59.0,59.0,59.0,463.0,450.0,452.0,329.0,354.0,331.0,627.0,276.0,175.0,
74,4.359861,46.491226,133.0,142.0,145.0,157.0,143.0,191.0,57.0,57.0,57.0,571.0,591.0,521.0,272.0,266.0,289.0,480.0,209.0,206.0,
76,3.891869,46.700358,131.0,139.0,141.0,191.0,185.0,209.0,62.0,62.0,62.0,491.0,490.0,458.0,318.0,325.0,333.0,533.0,215.0,162.0,
77,4.571583,46.718743,132.0,140.0,141.0,236.0,224.0,235.0,57.0,58.0,58.0,424.0,423.0,416.0,339.0,353.0,349.0,509.0,304.0,163.0,
78,4.955671,46.538981,125.0,135.0,139.0,210.0,179.0,197.0,59.0,59.0,59.0,474.0,498.0,456.0,316.0,323.0,347.0,785.0,242.0,234.0,
79,5.174998,46.711431,131.0,137.0,139.0,207.0,199.0,227.0,61.0,62.0,62.0,248.0,239.0,265.0,545.0,562.0,509.0,573.0,196.0,157.0,
69,4.00625,46.616511,131.0,141.0,145.0,240.0,208.0,219.0,59.0,59.0,59.0,476.0,494.0,476.0,285.0,298.0,305.0,572.0,312.0,143.0,
82,5.251638,46.732879,125.0,136.0,139.0,289.0,293.0,311.0,58.0,58.0,58.0,168.0,154.0,189.0,543.0,553.0,500.0,714.0,282.0,239.0,
81,5.061324,46.52587,132.0,140.0,143.0,263.0,227.0,248.0,59.0,60.0,60.0,381.0,402.0,382.0,357.0,371.0,371.0,432.0,172.0,147.0,
68,4.148243,46.516011,132.0,139.0,142.0,265.0,282.0,293.0,62.0,63.0,62.0,349.0,312.0,372.0,386.0,407.0,335.0,461.0,328.0,175.0,
80,5.041175,46.741363,128.0,138.0,142.0,235.0,212.0,224.0,65.0,65.0,65.0,359.0,357.0,362.0,405.0,432.0,414.0,563.0,260.0,184.0,
84,4.753514,46.204431,129.0,138.0,140.0,238.0,244.0,262.0,59.0,60.0,60.0,384.0,370.0,383.0,378.0,386.0,355.0,495.0,234.0,236.0,
86,0.014644,47.859744,119.0,127.0,131.0,177.0,182.0,196.0,61.0,63.0,63.0,543.0,554.0,517.0,280.0,264.0,288.0,560.0,281.0,164.0,
88,-0.075466,47.905846,125.0,132.0,134.0,175.0,184.0,213.0,62.0,63.0,63.0,360.0,352.0,335.0,465.0,464.0,452.0,562.0,192.0,190.0,
85,4.632238,46.378928,122.0,136.0,137.0,210.0,210.0,241.0,58.0,58.0,58.0,435.0,425.0,432.0,355.0,365.0,327.0,578.0,292.0,199.0,
83,4.696558,46.255776,120.0,130.0,133.0,248.0,239.0,250.0,63.0,63.0,63.0,382.0,375.0,393.0,369.0,387.0,357.0,839.0,252.0,233.0,
90,-0.215301,47.929118,125.0,130.0,133.0,204.0,212.0,250.0,64.0,66.0,65.0,297.0,283.0,271.0,499.0,505.0,479.0,448.0,207.0,148.0,
92,0.176229,48.418121,126.0,132.0,134.0,240.0,253.0,236.0,61.0,63.0,63.0,295.0,291.0,287.0,465.0,456.0,477.0,473.0,281.0,154.0,
87,-0.100184,48.030626,127.0,131.0,134.0,203.0,215.0,231.0,65.0,68.0,68.0,209.0,204.0,210.0,588.0,581.0,559.0,454.0,216.0,158.0,
93,0.159945,48.362313,130.0,135.0,137.0,212.0,210.0,218.0,63.0,64.0,63.0,257.0,259.0,254.0,531.0,530.0,528.0,455.0,278.0,163.0,
94,0.648468,47.933951,128.0,134.0,136.0,170.0,181.0,182.0,61.0,63.0,63.0,201.0,185.0,193.0,630.0,634.0,625.0,441.0,163.0,160.0,
95,-0.307018,47.84796,117.0,127.0,133.0,221.0,249.0,270.0,61.0,63.0,63.0,488.0,470.0,440.0,291.0,282.0,290.0,588.0,276.0,164.0,
97,-0.275621,47.959761,125.0,131.0,133.0,133.0,135.0,181.0,61.0,62.0,62.0,239.0,237.0,238.0,629.0,629.0,581.0,461.0,200.0,147.0,
91,-0.08105,48.340486,123.0,130.0,132.0,219.0,225.0,234.0,56.0,56.0,56.0,297.0,296.0,311.0,483.0,479.0,455.0,551.0,374.0,222.0,
99,0.310351,48.429986,124.0,130.0,132.0,219.0,218.0,240.0,62.0,64.0,63.0,242.0,234.0,238.0,538.0,548.0,522.0,734.0,229.0,195.0,
89,-0.006396,47.966618,125.0,130.0,134.0,245.0,272.0,272.0,62.0,63.0,63.0,255.0,236.0,239.0,500.0,492.0,488.0,350.0,222.0,147.0,
101,-0.112506,47.684838,123.0,128.0,132.0,226.0,245.0,271.0,61.0,62.0,62.0,392.0,382.0,361.0,381.0,373.0,369.0,397.0,271.0,196.0,
100,0.250711,48.316026,127.0,131.0,134.0,296.0,323.0,325.0,67.0,70.0,69.0,183.0,170.0,184.0,521.0,506.0,491.0,398.0,219.0,187.0,
103,0.718653,48.139103,130.0,134.0,136.0,214.0,206.0,240.0,66.0,70.0,69.0,422.0,432.0,398.0,364.0,362.0,362.0,447.0,179.0,119.0,
102,0.682313,48.190279,124.0,132.0,135.0,246.0,270.0,298.0,68.0,72.0,72.0,268.0,256.0,256.0,486.0,474.0,446.0,340.0,206.0,133.0,
96,-0.338291,47.736163,124.0,131.0,134.0,230.0,252.0,269.0,62.0,64.0,64.0,380.0,368.0,351.0,391.0,380.0,380.0,534.0,250.0,167.0,
104,0.781934,48.090183,126.0,132.0,135.0,237.0,248.0,278.0,59.0,60.0,60.0,391.0,388.0,366.0,372.0,365.0,356.0,446.0,231.0,127.0,
106,0.824901,48.003226,118.0,126.0,133.0,246.0,259.0,262.0,63.0,65.0,65.0,268.0,259.0,265.0,486.0,482.0,473.0,547.0,275.0,154.0,
105,0.618863,48.239368,121.0,131.0,136.0,224.0,236.0,258.0,60.0,61.0,61.0,337.0,327.0,318.0,440.0,437.0,424.0,384.0,176.0,148.0,
107,0.481706,48.245694,120.0,130.0,135.0,228.0,246.0,260.0,63.0,64.0,64.0,366.0,354.0,340.0,406.0,401.0,399.0,373.0,216.0,136.0,
108,0.354908,48.198403,123.0,131.0,134.0,278.0,303.0,300.0,63.0,65.0,65.0,411.0,393.0,383.0,311.0,303.0,318.0,516.0,266.0,164.0,
109,0.698369,47.956326,125.0,133.0,136.0,194.0,207.0,228.0,63.0,65.0,66.0,300.0,285.0,289.0,505.0,508.0,483.0,394.0,180.0,124.0,
110,0.281755,48.155648,120.0,129.0,131.0,186.0,192.0,214.0,59.0,61.0,61.0,512.0,508.0,478.0,302.0,300.0,308.0,604.0,264.0,175.0,
111,0.294709,48.229306,124.0,132.0,137.0,189.0,190.0,206.0,59.0,62.0,61.0,306.0,296.0,303.0,505.0,514.0,491.0,381.0,187.0,144.0,
98,-0.107418,48.066113,126.0,131.0,133.0,185.0,209.0,246.0,64.0,66.0,66.0,207.0,195.0,209.0,607.0,595.0,545.0,473.0,216.0,158.0,
114,0.031149,48.187574,125.0,129.0,131.0,268.0,321.0,319.0,63.0,65.0,64.0,240.0,217.0,238.0,492.0,463.0,443.0,563.0,322.0,215.0,
116,0.191311,48.201973,123.0,129.0,131.0,206.0,206.0,228.0,64.0,65.0,66.0,412.0,412.0,404.0,381.0,382.0,368.0,444.0,237.0,151.0,
113,-0.061253,48.106543,120.0,128.0,131.0,228.0,265.0,279.0,66.0,69.0,69.0,187.0,168.0,197.0,585.0,567.0,524.0,473.0,197.0,179.0,
112,-0.198066,48.112094,121.0,127.0,128.0,208.0,224.0,248.0,60.0,60.0,60.0,243.0,230.0,244.0,550.0,545.0,508.0,623.0,244.0,202.0,
118,0.478761,48.118574,117.0,126.0,129.0,245.0,268.0,267.0,57.0,58.0,58.0,430.0,418.0,398.0,325.0,314.0,335.0,628.0,352.0,179.0,
115,0.107779,48.212553,127.0,132.0,133.0,223.0,228.0,256.0,64.0,66.0,66.0,345.0,340.0,345.0,432.0,432.0,398.0,514.0,287.0,156.0,
119,0.538849,47.797706,116.0,127.0,132.0,192.0,175.0,197.0,58.0,59.0,59.0,343.0,342.0,329.0,465.0,483.0,474.0,880.0,596.0,198.0,
121,0.301076,47.631818,126.0,133.0,136.0,188.0,186.0,220.0,60.0,62.0,61.0,473.0,471.0,411.0,340.0,343.0,369.0,434.0,231.0,132.0,
120,0.324106,47.652011,121.0,131.0,135.0,126.0,143.0,173.0,61.0,62.0,62.0,590.0,587.0,544.0,284.0,270.0,283.0,492.0,232.0,168.0,
123,0.264421,47.682913,120.0,130.0,134.0,172.0,152.0,178.0,61.0,62.0,62.0,603.0,628.0,576.0,225.0,220.0,245.0,575.0,230.0,156.0,
124,0.436988,47.753328,129.0,135.0,138.0,173.0,172.0,189.0,63.0,65.0,65.0,286.0,281.0,278.0,542.0,547.0,533.0,396.0,194.0,178.0,
122,0.294286,47.667476,125.0,132.0,134.0,150.0,138.0,182.0,58.0,60.0,60.0,505.0,515.0,465.0,345.0,348.0,353.0,406.0,267.0,147.0,
127,6.11503,46.027896,111.0,125.0,133.0,262.0,267.0,309.0,62.0,63.0,63.0,392.0,389.0,374.0,345.0,344.0,317.0,967.0,553.0,339.0,
125,0.532208,47.833331,130.0,133.0,134.0,186.0,188.0,214.0,62.0,64.0,64.0,186.0,178.0,185.0,628.0,634.0,601.0,440.0,166.0,158.0,
128,6.005406,46.114341,121.0,137.0,142.0,354.0,365.0,369.0,67.0,69.0,69.0,250.0,245.0,271.0,396.0,391.0,360.0,583.0,343.0,203.0,
130,6.18864,46.084996,108.0,123.0,130.0,240.0,233.0,274.0,61.0,62.0,62.0,322.0,347.0,332.0,438.0,420.0,394.0,930.0,474.0,307.0,
129,6.039154,46.007358,119.0,130.0,136.0,333.0,343.0,340.0,65.0,65.0,65.0,283.0,271.0,290.0,384.0,386.0,370.0,782.0,541.0,257.0,
117,0.222486,48.041663,124.0,132.0,134.0,178.0,194.0,204.0,62.0,64.0,64.0,309.0,302.0,303.0,512.0,504.0,494.0,430.0,241.0,141.0,
131,5.834448,45.981524,124.0,136.0,140.0,209.0,213.0,253.0,69.0,69.0,69.0,417.0,419.0,403.0,374.0,368.0,344.0,727.0,437.0,261.0,
132,5.948187,45.841596,115.0,131.0,138.0,203.0,185.0,214.0,69.0,69.0,70.0,398.0,406.0,412.0,400.0,408.0,374.0,832.0,363.0,220.0,
133,6.002212,45.807598,120.0,134.0,139.0,298.0,306.0,313.0,65.0,66.0,66.0,334.0,326.0,326.0,368.0,367.0,360.0,834.0,404.0,253.0,
135,5.886166,45.64079,125.0,136.0,139.0,373.0,366.0,413.0,68.0,69.0,69.0,115.0,94.0,139.0,512.0,540.0,448.0,611.0,342.0,228.0,
134,6.144754,45.975176,121.0,137.0,141.0,395.0,423.0,430.0,66.0,66.0,66.0,213.0,192.0,231.0,393.0,385.0,339.0,756.0,618.0,352.0,
138,6.390852,45.767422,107.0,118.0,123.0,309.0,311.0,313.0,63.0,64.0,64.0,186.0,178.0,208.0,505.0,511.0,479.0,1033.0,515.0,361.0,
139,6.32243,45.638823,121.0,132.0,139.0,252.0,273.0,282.0,71.0,72.0,72.0,180.0,158.0,186.0,568.0,570.0,532.0,799.0,351.0,268.0,
140,6.257923,45.456172,103.0,113.0,119.0,237.0,243.0,278.0,55.0,56.0,56.0,381.0,390.0,371.0,382.0,367.0,351.0,1111.0,637.0,395.0,
141,5.765173,45.545807,116.0,128.0,133.0,225.0,218.0,313.0,66.0,67.0,67.0,377.0,378.0,332.0,398.0,405.0,356.0,903.0,419.0,263.0,
137,5.779627,45.690692,114.0,126.0,133.0,232.0,229.0,284.0,66.0,68.0,68.0,380.0,380.0,370.0,389.0,390.0,345.0,909.0,371.0,201.0,
143,0.157468,49.612429,119.0,126.0,132.0,183.0,200.0,210.0,61.0,61.0,61.0,240.0,230.0,246.0,577.0,570.0,544.0,465.0,246.0,180.0,
126,0.170378,47.891999,118.0,128.0,133.0,184.0,181.0,216.0,62.0,63.0,62.0,568.0,572.0,511.0,247.0,248.0,274.0,636.0,202.0,163.0,
144,0.26015,49.657591,121.0,129.0,134.0,195.0,208.0,206.0,64.0,64.0,64.0,204.0,196.0,203.0,601.0,596.0,591.0,496.0,244.0,164.0,
146,0.77943,49.574573,116.0,126.0,129.0,139.0,155.0,179.0,62.0,63.0,63.0,104.0,96.0,108.0,756.0,750.0,713.0,589.0,260.0,205.0,
145,0.628206,49.634528,121.0,128.0,131.0,176.0,176.0,182.0,65.0,65.0,65.0,114.0,108.0,121.0,710.0,717.0,697.0,542.0,193.0,161.0,
147,0.834353,49.579094,122.0,129.0,131.0,154.0,159.0,172.0,66.0,67.0,67.0,99.0,92.0,108.0,747.0,749.0,720.0,550.0,179.0,187.0,
148,1.026693,49.594594,125.0,132.0,133.0,167.0,182.0,183.0,65.0,66.0,66.0,108.0,101.0,126.0,725.0,717.0,691.0,488.0,185.0,173.0,
149,0.765584,49.501054,116.0,127.0,135.0,217.0,242.0,250.0,69.0,70.0,70.0,149.0,133.0,164.0,634.0,625.0,586.0,487.0,402.0,166.0,
151,1.237114,49.357931,125.0,131.0,133.0,146.0,143.0,173.0,62.0,64.0,63.0,130.0,125.0,145.0,724.0,731.0,682.0,491.0,276.0,148.0,
152,1.619583,49.712608,131.0,136.0,138.0,166.0,177.0,184.0,68.0,71.0,71.0,82.0,77.0,86.0,751.0,747.0,730.0,437.0,173.0,138.0,
142,5.94131,45.588795,125.0,136.0,139.0,305.0,313.0,343.0,69.0,69.0,69.0,298.0,290.0,280.0,397.0,397.0,377.0,692.0,274.0,229.0,
136,5.855028,45.711768,102.0,115.0,121.0,318.0,325.0,349.0,59.0,60.0,60.0,335.0,326.0,317.0,348.0,350.0,334.0,1152.0,589.0,392.0,
150,1.14195,49.422779,130.0,134.0,136.0,161.0,155.0,163.0,64.0,65.0,65.0,173.0,173.0,188.0,666.0,672.0,649.0,451.0,256.0,194.0,
156,0.845321,49.815303,116.0,124.0,130.0,193.0,219.0,211.0,65.0,67.0,67.0,207.0,182.0,211.0,600.0,599.0,578.0,514.0,214.0,149.0,
154,1.585206,49.908933,111.0,120.0,127.0,209.0,210.0,211.0,54.0,56.0,56.0,138.0,137.0,147.0,653.0,654.0,642.0,871.0,401.0,255.0,
157,1.189774,49.770324,113.0,123.0,128.0,177.0,191.0,199.0,50.0,50.0,51.0,221.0,214.0,226.0,602.0,595.0,575.0,703.0,605.0,299.0,
158,0.724468,49.570069,123.0,128.0,132.0,149.0,152.0,171.0,66.0,68.0,67.0,109.0,104.0,119.0,742.0,744.0,710.0,488.0,275.0,156.0,
153,1.604768,49.47634,133.0,137.0,138.0,179.0,191.0,183.0,63.0,67.0,67.0,95.0,85.0,93.0,726.0,724.0,724.0,478.0,218.0,169.0,
159,0.779673,49.864248,122.0,131.0,134.0,158.0,162.0,191.0,65.0,67.0,67.0,200.0,199.0,217.0,642.0,639.0,592.0,452.0,153.0,159.0,
160,1.381061,49.640361,128.0,132.0,135.0,179.0,174.0,182.0,64.0,67.0,67.0,130.0,125.0,138.0,691.0,701.0,681.0,520.0,198.0,184.0,
162,1.329221,49.618288,119.0,126.0,132.0,213.0,224.0,208.0,59.0,62.0,62.0,150.0,148.0,166.0,637.0,628.0,626.0,735.0,340.0,223.0,
161,1.357251,49.927933,125.0,131.0,135.0,180.0,197.0,189.0,67.0,69.0,68.0,117.0,110.0,120.0,703.0,693.0,691.0,503.0,189.0,157.0,
163,0.899374,49.530064,115.0,126.0,129.0,186.0,207.0,207.0,58.0,59.0,59.0,87.0,75.0,105.0,727.0,718.0,688.0,720.0,191.0,269.0,
164,1.270938,49.939415,122.0,128.0,132.0,129.0,144.0,153.0,65.0,66.0,66.0,129.0,123.0,141.0,741.0,733.0,706.0,482.0,148.0,161.0,
165,1.366933,49.874421,125.0,130.0,133.0,223.0,246.0,237.0,66.0,69.0,68.0,125.0,118.0,132.0,652.0,636.0,630.0,411.0,199.0,181.0,
168,1.646806,49.877339,129.0,131.0,136.0,203.0,215.0,203.0,64.0,67.0,66.0,142.0,135.0,144.0,655.0,650.0,653.0,572.0,292.0,257.0,
169,1.471241,49.918506,125.0,131.0,134.0,233.0,248.0,240.0,66.0,68.0,68.0,194.0,184.0,210.0,573.0,569.0,550.0,362.0,226.0,198.0,
167,1.402245,49.678149,117.0,125.0,130.0,220.0,221.0,214.0,62.0,64.0,64.0,136.0,130.0,154.0,643.0,649.0,633.0,667.0,330.0,156.0,
171,1.249279,49.448693,122.0,134.0,138.0,173.0,174.0,181.0,59.0,61.0,61.0,115.0,111.0,131.0,711.0,716.0,687.0,634.0,327.0,241.0,
172,1.506934,49.559504,133.0,137.0,137.0,206.0,208.0,204.0,68.0,71.0,71.0,107.0,99.0,108.0,687.0,693.0,688.0,352.0,161.0,134.0,
166,1.513933,49.994044,123.0,129.0,131.0,202.0,224.0,217.0,65.0,66.0,66.0,165.0,157.0,180.0,634.0,618.0,603.0,436.0,194.0,159.0,
174,1.293563,49.507011,131.0,135.0,136.0,175.0,173.0,186.0,65.0,66.0,66.0,137.0,131.0,156.0,688.0,695.0,658.0,533.0,241.0,219.0,
175,1.533729,49.724284,119.0,124.0,129.0,213.0,212.0,220.0,64.0,66.0,65.0,113.0,112.0,120.0,674.0,677.0,660.0,632.0,319.0,208.0,
155,0.669178,49.855175,,,,,,,,,,,,,,,,,,,Max retries reached
170,1.444621,49.753716,128.0,133.0,136.0,169.0,162.0,180.0,63.0,66.0,65.0,128.0,129.0,138.0,703.0,709.0,682.0,547.0,251.0,174.0,
177,0.298734,49.733494,118.0,126.0,133.0,145.0,138.0,150.0,62.0,63.0,63.0,295.0,293.0,303.0,559.0,569.0,547.0,541.0,282.0,254.0,
178,0.95229,49.841979,121.0,128.0,133.0,174.0,184.0,181.0,65.0,67.0,67.0,189.0,164.0,196.0,637.0,652.0,624.0,438.0,201.0,193.0,
180,0.34001,49.537623,127.0,132.0,136.0,149.0,147.0,194.0,61.0,61.0,61.0,150.0,145.0,155.0,701.0,708.0,651.0,400.0,197.0,168.0,
179,0.996683,49.755071,123.0,130.0,133.0,197.0,215.0,211.0,64.0,65.0,65.0,127.0,120.0,152.0,676.0,665.0,637.0,425.0,165.0,164.0,
181,0.855423,49.761789,124.0,132.0,136.0,159.0,175.0,186.0,66.0,67.0,66.0,112.0,103.0,120.0,728.0,722.0,695.0,484.0,139.0,147.0,
182,0.803706,49.739485,124.0,130.0,132.0,147.0,151.0,184.0,64.0,66.0,66.0,119.0,117.0,140.0,734.0,732.0,676.0,521.0,203.0,224.0,
183,1.081701,49.598946,129.0,133.0,135.0,180.0,188.0,185.0,65.0,66.0,66.0,96.0,90.0,112.0,724.0,723.0,703.0,548.0,156.0,213.0,
185,0.394066,49.687209,122.0,128.0,133.0,188.0,190.0,181.0,66.0,67.0,66.0,179.0,175.0,195.0,633.0,635.0,624.0,517.0,239.0,154.0,
184,0.621241,49.670153,124.0,130.0,133.0,143.0,137.0,158.0,65.0,66.0,66.0,104.0,98.0,119.0,753.0,764.0,723.0,455.0,147.0,141.0,
186,2.549313,48.386813,124.0,133.0,139.0,221.0,229.0,265.0,58.0,58.0,59.0,299.0,301.0,314.0,480.0,470.0,421.0,630.0,195.0,137.0,
187,2.581508,48.352871,133.0,137.0,140.0,246.0,271.0,276.0,66.0,68.0,68.0,316.0,305.0,303.0,437.0,424.0,421.0,432.0,139.0,125.0,
176,1.225688,49.57408,118.0,127.0,130.0,188.0,202.0,201.0,59.0,62.0,62.0,190.0,183.0,194.0,622.0,615.0,604.0,662.0,276.0,224.0,
188,2.594699,48.263414,132.0,136.0,140.0,258.0,277.0,270.0,71.0,74.0,74.0,196.0,187.0,200.0,547.0,536.0,530.0,357.0,119.0,129.0,
189,2.573171,48.225836,134.0,138.0,142.0,281.0,319.0,295.0,70.0,74.0,74.0,179.0,165.0,184.0,540.0,516.0,521.0,388.0,140.0,157.0,
173,1.309591,49.417804,132.0,134.0,136.0,175.0,186.0,191.0,68.0,71.0,70.0,109.0,96.0,113.0,717.0,719.0,696.0,457.0,228.0,189.0,
193,2.841316,48.622891,127.0,133.0,140.0,201.0,218.0,241.0,65.0,67.0,68.0,186.0,179.0,187.0,614.0,603.0,572.0,414.0,134.0,140.0,
194,2.859249,48.497613,132.0,136.0,141.0,236.0,241.0,265.0,69.0,70.0,70.0,203.0,201.0,202.0,561.0,559.0,533.0,346.0,125.0,129.0,
192,2.768051,48.56394,128.0,134.0,140.0,263.0,265.0,285.0,65.0,66.0,67.0,299.0,294.0,289.0,438.0,441.0,427.0,361.0,213.0,198.0,
195,3.003998,48.434641,131.0,136.0,142.0,301.0,324.0,328.0,71.0,73.0,73.0,191.0,175.0,169.0,508.0,501.0,503.0,334.0,142.0,118.0,
197,2.887239,48.300758,132.0,133.0,140.0,180.0,174.0,234.0,67.0,68.0,68.0,414.0,428.0,403.0,406.0,399.0,363.0,332.0,128.0,162.0,
198,3.032963,48.617065,128.0,134.0,140.0,241.0,266.0,286.0,62.0,62.0,64.0,139.0,131.0,145.0,620.0,603.0,569.0,435.0,128.0,138.0,
199,2.812873,48.819718,129.0,134.0,140.0,217.0,231.0,247.0,68.0,71.0,70.0,138.0,134.0,150.0,646.0,635.0,604.0,341.0,151.0,134.0,
200,2.618108,49.023735,132.0,136.0,141.0,221.0,240.0,246.0,68.0,71.0,71.0,104.0,98.0,117.0,675.0,662.0,637.0,351.0,127.0,134.0,
201,2.612291,49.059739,131.0,134.0,139.0,185.0,194.0,202.0,69.0,72.0,72.0,130.0,127.0,138.0,684.0,680.0,660.0,400.0,122.0,145.0,
196,2.791349,48.402918,130.0,134.0,140.0,222.0,226.0,283.0,71.0,74.0,73.0,391.0,392.0,354.0,387.0,382.0,363.0,434.0,171.0,157.0,
202,2.988279,48.740638,124.0,131.0,137.0,237.0,263.0,277.0,67.0,68.0,67.0,279.0,266.0,267.0,484.0,471.0,456.0,421.0,133.0,193.0,
203,3.094159,48.765341,128.0,134.0,141.0,236.0,263.0,269.0,70.0,72.0,71.0,101.0,94.0,108.0,662.0,643.0,623.0,331.0,124.0,124.0,
204,3.049998,48.690338,126.0,134.0,139.0,200.0,228.0,238.0,64.0,64.0,66.0,159.0,151.0,157.0,641.0,621.0,605.0,405.0,125.0,134.0,
205,2.634616,48.175721,133.0,136.0,141.0,310.0,330.0,323.0,71.0,75.0,75.0,272.0,263.0,267.0,418.0,407.0,409.0,349.0,141.0,139.0,
207,2.965271,48.323805,133.0,136.0,141.0,266.0,277.0,284.0,70.0,72.0,72.0,266.0,259.0,267.0,469.0,464.0,449.0,312.0,138.0,133.0,
206,2.972834,48.270111,132.0,136.0,141.0,196.0,208.0,234.0,68.0,70.0,70.0,277.0,271.0,244.0,526.0,521.0,522.0,431.0,151.0,147.0,
208,3.307399,48.399264,129.0,134.0,140.0,247.0,256.0,270.0,73.0,77.0,76.0,132.0,124.0,137.0,621.0,620.0,592.0,365.0,171.0,163.0,
191,2.743706,48.544291,,,,,,,,,,,,,,,,,,,Max retries reached
209,3.229124,48.376416,129.0,134.0,140.0,278.0,309.0,315.0,72.0,74.0,74.0,152.0,139.0,153.0,570.0,552.0,531.0,317.0,133.0,131.0,
210,3.151984,48.533059,128.0,133.0,139.0,211.0,233.0,262.0,69.0,71.0,70.0,157.0,149.0,160.0,632.0,617.0,578.0,300.0,139.0,168.0,
211,3.359678,48.619039,129.0,135.0,140.0,202.0,223.0,245.0,67.0,68.0,69.0,93.0,87.0,98.0,705.0,690.0,658.0,334.0,119.0,145.0,
213,3.418463,48.586446,130.0,137.0,140.0,247.0,266.0,272.0,70.0,72.0,72.0,123.0,115.0,130.0,630.0,619.0,597.0,348.0,148.0,141.0,
214,3.308041,48.597904,128.0,135.0,140.0,288.0,307.0,317.0,67.0,69.0,69.0,170.0,161.0,167.0,542.0,532.0,516.0,451.0,184.0,162.0,
215,3.428894,48.711968,127.0,134.0,140.0,208.0,232.0,243.0,71.0,73.0,72.0,114.0,108.0,118.0,679.0,660.0,640.0,389.0,163.0,211.0,
190,2.557593,48.513858,,,,,,,,,,,,,,,,,,,Max retries reached
218,2.729679,49.012998,132.0,136.0,140.0,295.0,310.0,310.0,71.0,73.0,72.0,130.0,125.0,135.0,575.0,565.0,556.0,452.0,149.0,179.0,
219,2.735021,48.977203,133.0,136.0,140.0,273.0,294.0,278.0,69.0,73.0,73.0,107.0,99.0,112.0,620.0,607.0,611.0,407.0,136.0,120.0,
220,2.881378,48.914408,129.0,136.0,143.0,257.0,277.0,328.0,69.0,71.0,71.0,100.0,89.0,102.0,643.0,634.0,570.0,439.0,139.0,138.0,
221,2.996916,49.066196,133.0,138.0,141.0,264.0,295.0,289.0,69.0,72.0,72.0,88.0,78.0,100.0,648.0,627.0,611.0,345.0,126.0,120.0,
222,3.004575,49.012488,126.0,133.0,141.0,274.0,286.0,306.0,70.0,73.0,73.0,310.0,304.0,284.0,415.0,411.0,410.0,474.0,162.0,130.0,
223,3.210041,48.916878,128.0,134.0,141.0,261.0,265.0,287.0,68.0,69.0,69.0,157.0,151.0,164.0,582.0,584.0,549.0,486.0,156.0,168.0,
224,3.086253,49.017596,134.0,138.0,143.0,285.0,327.0,326.0,71.0,75.0,74.0,100.0,84.0,104.0,615.0,590.0,570.0,416.0,138.0,118.0,
217,3.062068,48.799404,131.0,134.0,139.0,275.0,298.0,300.0,68.0,71.0,70.0,127.0,116.0,124.0,597.0,585.0,576.0,350.0,132.0,127.0,
225,3.039411,48.96052,125.0,132.0,139.0,193.0,191.0,224.0,68.0,72.0,71.0,430.0,434.0,403.0,377.0,374.0,374.0,459.0,165.0,127.0,
227,-0.359588,46.373233,122.0,133.0,137.0,260.0,281.0,281.0,70.0,72.0,72.0,140.0,118.0,166.0,600.0,600.0,553.0,530.0,289.0,212.0,
226,3.030358,48.851616,132.0,137.0,141.0,251.0,277.0,282.0,70.0,73.0,72.0,68.0,63.0,75.0,682.0,660.0,643.0,428.0,130.0,140.0,
212,3.413764,48.622279,129.0,133.0,138.0,189.0,223.0,232.0,72.0,75.0,74.0,87.0,80.0,93.0,724.0,697.0,676.0,395.0,158.0,148.0,
230,-0.562786,46.335548,128.0,137.0,139.0,262.0,277.0,292.0,70.0,73.0,73.0,185.0,174.0,202.0,553.0,549.0,506.0,572.0,264.0,239.0,
228,-0.463875,46.23597,127.0,140.0,143.0,295.0,308.0,309.0,75.0,77.0,77.0,153.0,135.0,178.0,553.0,557.0,513.0,474.0,317.0,172.0,
229,-0.599433,46.258854,124.0,138.0,140.0,329.0,374.0,361.0,72.0,73.0,73.0,163.0,145.0,177.0,508.0,480.0,462.0,534.0,270.0,193.0,
231,0.035719,46.084318,129.0,143.0,145.0,244.0,248.0,277.0,68.0,70.0,70.0,141.0,121.0,160.0,615.0,631.0,563.0,519.0,286.0,163.0,
232,0.073798,46.160504,129.0,139.0,141.0,296.0,312.0,325.0,72.0,73.0,74.0,150.0,131.0,164.0,554.0,558.0,511.0,483.0,285.0,206.0,
233,-0.120806,46.359816,122.0,135.0,137.0,308.0,337.0,317.0,69.0,70.0,70.0,216.0,200.0,231.0,476.0,463.0,452.0,462.0,326.0,172.0,
236,-0.000945,46.280501,126.0,139.0,140.0,322.0,333.0,323.0,72.0,74.0,74.0,158.0,141.0,175.0,520.0,526.0,502.0,542.0,280.0,211.0,
237,-0.165395,46.319484,128.0,139.0,141.0,303.0,341.0,326.0,65.0,65.0,65.0,158.0,123.0,165.0,539.0,536.0,508.0,540.0,271.0,153.0,
238,-0.232491,46.258495,130.0,143.0,145.0,275.0,298.0,299.0,73.0,75.0,75.0,164.0,142.0,173.0,560.0,559.0,528.0,472.0,281.0,196.0,
239,-0.287283,46.271356,130.0,141.0,145.0,253.0,273.0,295.0,73.0,75.0,74.0,202.0,176.0,212.0,545.0,551.0,493.0,494.0,326.0,167.0,
240,-0.408996,46.223208,126.0,141.0,146.0,298.0,322.0,325.0,73.0,76.0,76.0,184.0,163.0,191.0,518.0,515.0,484.0,462.0,389.0,167.0,
241,-0.501219,46.159674,127.0,141.0,143.0,290.0,312.0,318.0,75.0,78.0,78.0,172.0,152.0,192.0,539.0,536.0,490.0,551.0,329.0,167.0,
242,-0.192791,47.006204,130.0,136.0,138.0,231.0,262.0,265.0,69.0,73.0,73.0,361.0,336.0,355.0,408.0,402.0,380.0,450.0,178.0,138.0,
235,0.012426,46.209198,131.0,143.0,144.0,296.0,310.0,320.0,70.0,71.0,71.0,122.0,102.0,140.0,582.0,588.0,541.0,519.0,292.0,187.0,
216,3.131174,48.695394,,,,,,,,,,,,,,,,,,,Max retries reached
245,-0.352545,47.008875,127.0,135.0,136.0,223.0,254.0,273.0,65.0,67.0,67.0,341.0,302.0,325.0,436.0,444.0,402.0,530.0,245.0,188.0,
244,-0.389478,47.059969,128.0,137.0,138.0,177.0,198.0,207.0,63.0,65.0,65.0,393.0,374.0,381.0,430.0,428.0,412.0,437.0,309.0,166.0,
234,-0.237828,46.149171,125.0,137.0,140.0,375.0,406.0,398.0,73.0,75.0,75.0,123.0,102.0,132.0,501.0,492.0,470.0,487.0,304.0,162.0,
246,-0.381863,47.024186,128.0,139.0,140.0,214.0,225.0,251.0,62.0,64.0,65.0,295.0,260.0,306.0,491.0,515.0,443.0,429.0,198.0,137.0,
247,-0.068106,46.909059,132.0,137.0,138.0,241.0,290.0,275.0,72.0,77.0,76.0,331.0,311.0,325.0,428.0,399.0,400.0,316.0,191.0,146.0,
249,-0.02341,46.677489,129.0,138.0,142.0,243.0,260.0,260.0,64.0,67.0,67.0,354.0,336.0,339.0,403.0,404.0,401.0,595.0,225.0,193.0,
251,-0.220493,46.876576,129.0,137.0,138.0,268.0,319.0,303.0,66.0,69.0,69.0,260.0,221.0,269.0,472.0,460.0,427.0,371.0,208.0,166.0,
252,-0.189288,46.716256,128.0,137.0,139.0,202.0,193.0,213.0,61.0,61.0,62.0,357.0,341.0,358.0,440.0,466.0,428.0,573.0,291.0,231.0,
243,-0.285091,47.069989,127.0,137.0,138.0,174.0,190.0,199.0,70.0,75.0,74.0,340.0,326.0,350.0,486.0,485.0,452.0,352.0,145.0,139.0,
254,-0.427538,46.185044,127.0,135.0,140.0,287.0,308.0,302.0,65.0,66.0,66.0,250.0,231.0,255.0,463.0,460.0,443.0,564.0,280.0,176.0,
248,-0.078786,46.690603,129.0,137.0,139.0,283.0,320.0,295.0,68.0,71.0,71.0,308.0,271.0,292.0,409.0,409.0,412.0,432.0,195.0,156.0,
255,-0.550536,46.408973,128.0,136.0,140.0,276.0,305.0,317.0,73.0,75.0,75.0,156.0,120.0,162.0,568.0,574.0,521.0,476.0,246.0,161.0,
256,-0.525973,46.55587,126.0,136.0,139.0,247.0,253.0,255.0,63.0,63.0,63.0,365.0,356.0,353.0,388.0,390.0,392.0,606.0,245.0,214.0,
257,-0.844111,46.942503,122.0,132.0,136.0,187.0,164.0,174.0,65.0,65.0,65.0,466.0,464.0,430.0,347.0,372.0,396.0,517.0,224.0,244.0,
259,-0.318959,46.703858,123.0,139.0,143.0,196.0,181.0,193.0,64.0,67.0,67.0,350.0,334.0,350.0,455.0,485.0,457.0,527.0,228.0,142.0,
253,-0.220569,46.604863,126.0,141.0,144.0,201.0,199.0,207.0,63.0,64.0,64.0,289.0,266.0,295.0,510.0,536.0,498.0,475.0,244.0,146.0,
258,-0.758663,46.914763,122.0,137.0,140.0,174.0,178.0,176.0,61.0,62.0,62.0,390.0,385.0,379.0,435.0,438.0,445.0,616.0,269.0,238.0,
261,-0.557798,46.717459,127.0,137.0,142.0,198.0,200.0,217.0,61.0,62.0,62.0,349.0,335.0,331.0,453.0,466.0,452.0,570.0,195.0,154.0,
262,-0.446348,46.945584,128.0,136.0,139.0,224.0,220.0,231.0,63.0,64.0,65.0,381.0,360.0,389.0,395.0,421.0,379.0,452.0,209.0,150.0,
264,-0.522734,46.665856,127.0,137.0,141.0,203.0,189.0,198.0,64.0,66.0,65.0,408.0,413.0,389.0,389.0,398.0,413.0,526.0,218.0,162.0,
260,-0.462768,46.762484,122.0,133.0,137.0,177.0,171.0,186.0,63.0,64.0,64.0,418.0,426.0,413.0,405.0,403.0,401.0,615.0,211.0,182.0,
263,-0.288026,46.815708,127.0,135.0,138.0,223.0,237.0,248.0,62.0,63.0,63.0,378.0,355.0,358.0,399.0,408.0,394.0,488.0,240.0,220.0,
267,-0.554091,46.953199,121.0,132.0,138.0,193.0,187.0,194.0,64.0,65.0,65.0,475.0,471.0,430.0,332.0,343.0,376.0,562.0,232.0,142.0,
250,-0.054073,46.837853,,,,,,,,,,,,,,,,,,,Max retries reached
268,-0.258203,46.528209,123.0,133.0,138.0,234.0,257.0,269.0,63.0,63.0,63.0,303.0,289.0,287.0,464.0,455.0,444.0,653.0,366.0,192.0,
269,-0.256539,46.111041,125.0,138.0,141.0,389.0,422.0,387.0,75.0,77.0,77.0,131.0,111.0,146.0,480.0,467.0,468.0,621.0,275.0,173.0,
270,-0.134876,46.158993,130.0,143.0,143.0,282.0,301.0,303.0,70.0,71.0,72.0,153.0,136.0,161.0,565.0,563.0,535.0,551.0,245.0,170.0,
271,-0.06028,46.039019,130.0,142.0,145.0,367.0,398.0,353.0,75.0,77.0,77.0,136.0,107.0,146.0,497.0,494.0,501.0,549.0,302.0,196.0,
272,-0.407643,46.350394,127.0,139.0,142.0,263.0,258.0,274.0,73.0,75.0,75.0,187.0,164.0,210.0,549.0,578.0,516.0,478.0,309.0,267.0,
265,-0.363791,46.663221,123.0,136.0,139.0,214.0,183.0,198.0,63.0,64.0,64.0,409.0,419.0,402.0,377.0,398.0,400.0,525.0,259.0,192.0,
273,2.630471,49.855309,129.0,137.0,142.0,261.0,288.0,261.0,71.0,75.0,74.0,73.0,68.0,79.0,666.0,644.0,660.0,362.0,129.0,124.0,
274,2.743902,49.844588,131.0,136.0,142.0,263.0,291.0,269.0,70.0,74.0,74.0,80.0,76.0,90.0,657.0,633.0,641.0,347.0,121.0,130.0,
276,3.113763,49.994038,136.0,139.0,142.0,227.0,252.0,255.0,73.0,77.0,76.0,52.0,47.0,55.0,721.0,701.0,690.0,254.0,140.0,132.0,
266,-0.536128,46.864223,118.0,132.0,137.0,204.0,201.0,207.0,63.0,64.0,64.0,408.0,387.0,381.0,389.0,412.0,411.0,554.0,237.0,195.0,
279,2.151154,49.877288,134.0,139.0,140.0,250.0,258.0,261.0,69.0,73.0,73.0,116.0,112.0,124.0,634.0,630.0,615.0,300.0,170.0,157.0,
280,1.630651,50.129275,123.0,130.0,136.0,186.0,180.0,192.0,71.0,73.0,73.0,256.0,251.0,254.0,558.0,569.0,554.0,342.0,143.0,183.0,
275,2.914,50.017896,137.0,139.0,143.0,220.0,246.0,251.0,71.0,75.0,74.0,46.0,41.0,48.0,735.0,713.0,702.0,251.0,131.0,155.0,
281,1.794484,50.159271,123.0,130.0,136.0,186.0,177.0,188.0,71.0,73.0,72.0,179.0,171.0,190.0,635.0,651.0,622.0,311.0,151.0,195.0,
278,2.145241,49.913043,125.0,130.0,137.0,246.0,255.0,243.0,70.0,74.0,73.0,110.0,101.0,117.0,644.0,644.0,640.0,293.0,176.0,154.0,
277,2.563828,50.103788,132.0,138.0,141.0,232.0,256.0,256.0,70.0,73.0,73.0,49.0,47.0,54.0,719.0,698.0,690.0,307.0,139.0,164.0,
284,2.480708,49.917719,124.0,133.0,141.0,252.0,257.0,252.0,71.0,75.0,74.0,152.0,152.0,168.0,596.0,591.0,580.0,313.0,176.0,135.0,
286,3.149243,49.94203,136.0,140.0,144.0,239.0,265.0,274.0,73.0,78.0,77.0,81.0,73.0,82.0,681.0,662.0,643.0,275.0,130.0,113.0,
287,3.038226,49.935273,134.0,137.0,140.0,215.0,248.0,274.0,68.0,71.0,70.0,91.0,83.0,91.0,693.0,669.0,635.0,447.0,257.0,149.0,
283,3.026096,49.826231,130.0,135.0,139.0,263.0,290.0,292.0,72.0,76.0,76.0,138.0,130.0,140.0,599.0,580.0,568.0,283.0,131.0,123.0,
282,3.011415,49.73503,130.0,135.0,140.0,234.0,259.0,265.0,70.0,74.0,73.0,162.0,155.0,164.0,604.0,586.0,571.0,284.0,154.0,131.0,
288,1.608541,50.254203,117.0,126.0,132.0,220.0,221.0,246.0,71.0,74.0,74.0,399.0,398.0,375.0,381.0,381.0,379.0,604.0,305.0,189.0,
289,2.116264,49.748393,132.0,139.0,141.0,264.0,288.0,277.0,69.0,75.0,74.0,123.0,111.0,131.0,613.0,601.0,592.0,349.0,187.0,161.0,
290,2.046346,49.833839,134.0,138.0,138.0,210.0,228.0,232.0,68.0,71.0,71.0,125.0,117.0,127.0,666.0,655.0,642.0,320.0,162.0,179.0,
285,2.315413,49.725986,130.0,138.0,141.0,220.0,246.0,240.0,71.0,76.0,75.0,73.0,68.0,83.0,707.0,685.0,677.0,347.0,153.0,128.0,
292,2.644169,49.76592,128.0,134.0,139.0,256.0,287.0,279.0,69.0,74.0,74.0,74.0,67.0,78.0,671.0,647.0,643.0,325.0,135.0,152.0,
291,1.744928,50.282189,116.0,126.0,131.0,191.0,195.0,207.0,69.0,72.0,72.0,303.0,298.0,320.0,507.0,507.0,473.0,435.0,135.0,143.0,
293,2.613761,49.781971,126.0,133.0,139.0,272.0,290.0,272.0,71.0,76.0,75.0,123.0,118.0,121.0,605.0,592.0,607.0,286.0,138.0,155.0,
294,2.459092,49.699523,127.0,134.0,140.0,222.0,236.0,262.0,70.0,74.0,74.0,89.0,86.0,96.0,689.0,677.0,641.0,290.0,146.0,149.0,
295,2.519836,49.667449,126.0,134.0,141.0,191.0,213.0,235.0,70.0,75.0,75.0,142.0,131.0,137.0,667.0,656.0,628.0,355.0,175.0,119.0,
296,2.712976,49.680085,128.0,134.0,139.0,259.0,293.0,286.0,71.0,76.0,75.0,97.0,87.0,95.0,644.0,620.0,619.0,302.0,119.0,154.0,
298,2.574969,49.671071,129.0,135.0,140.0,204.0,228.0,234.0,72.0,75.0,75.0,90.0,87.0,92.0,706.0,685.0,674.0,283.0,130.0,148.0,
300,2.838636,49.95897,133.0,138.0,144.0,264.0,291.0,299.0,73.0,78.0,78.0,122.0,113.0,118.0,614.0,596.0,584.0,263.0,169.0,125.0,
299,1.986423,50.191039,129.0,135.0,138.0,159.0,162.0,173.0,70.0,73.0,73.0,130.0,129.0,151.0,711.0,708.0,676.0,324.0,134.0,150.0,
301,2.833244,49.994708,134.0,137.0,143.0,258.0,297.0,319.0,72.0,76.0,76.0,74.0,61.0,82.0,669.0,642.0,600.0,332.0,138.0,126.0,
302,2.213858,50.008045,128.0,135.0,138.0,194.0,213.0,216.0,71.0,76.0,75.0,78.0,69.0,86.0,728.0,718.0,698.0,433.0,160.0,168.0,
303,2.605571,50.016221,130.0,138.0,142.0,265.0,309.0,315.0,71.0,75.0,73.0,70.0,62.0,81.0,665.0,629.0,604.0,270.0,159.0,130.0,
304,2.374799,50.055114,132.0,137.0,140.0,253.0,256.0,249.0,70.0,73.0,73.0,68.0,63.0,79.0,679.0,680.0,672.0,323.0,135.0,140.0,
306,1.769789,49.97673,126.0,130.0,134.0,171.0,180.0,205.0,67.0,69.0,69.0,95.0,91.0,108.0,733.0,729.0,687.0,378.0,156.0,155.0,
307,2.050493,43.882224,131.0,143.0,149.0,275.0,280.0,302.0,62.0,63.0,63.0,307.0,304.0,307.0,418.0,416.0,392.0,783.0,238.0,177.0,
308,2.050423,44.063364,132.0,138.0,143.0,284.0,303.0,324.0,64.0,65.0,65.0,350.0,343.0,323.0,366.0,354.0,353.0,596.0,243.0,158.0,
305,2.519438,50.028668,128.0,135.0,140.0,259.0,292.0,291.0,71.0,75.0,74.0,105.0,94.0,113.0,636.0,614.0,596.0,294.0,183.0,166.0,
311,2.194348,44.110573,134.0,148.0,150.0,211.0,217.0,248.0,65.0,66.0,66.0,386.0,378.0,363.0,402.0,405.0,390.0,444.0,215.0,172.0,
297,2.737896,49.699723,,,,,,,,,,,,,,,,,,,Max retries reached
309,2.090078,44.138876,133.0,142.0,143.0,200.0,204.0,246.0,64.0,64.0,64.0,444.0,446.0,415.0,356.0,351.0,339.0,429.0,256.0,188.0,
314,2.439198,43.965811,124.0,136.0,138.0,248.0,254.0,280.0,66.0,66.0,66.0,336.0,332.0,329.0,417.0,415.0,391.0,587.0,289.0,210.0,
313,2.211445,43.985068,132.0,144.0,147.0,255.0,259.0,284.0,64.0,66.0,65.0,358.0,353.0,343.0,387.0,388.0,372.0,589.0,248.0,154.0,
310,2.174413,44.072843,134.0,147.0,148.0,217.0,215.0,280.0,67.0,69.0,69.0,394.0,391.0,347.0,389.0,394.0,373.0,373.0,191.0,215.0,
317,2.006063,43.842506,136.0,149.0,152.0,267.0,281.0,334.0,67.0,69.0,69.0,358.0,349.0,334.0,375.0,370.0,332.0,404.0,167.0,159.0,
315,2.349706,43.886766,130.0,138.0,140.0,234.0,236.0,265.0,62.0,62.0,62.0,324.0,318.0,311.0,441.0,446.0,424.0,710.0,305.0,247.0,
316,2.09999,43.886,135.0,147.0,151.0,300.0,298.0,328.0,71.0,73.0,73.0,313.0,313.0,317.0,387.0,388.0,356.0,435.0,164.0,154.0,
318,1.877511,43.868694,135.0,147.0,150.0,276.0,280.0,325.0,73.0,75.0,75.0,326.0,322.0,299.0,398.0,398.0,376.0,382.0,160.0,197.0,
321,1.671695,43.906426,137.0,149.0,152.0,297.0,304.0,319.0,72.0,75.0,74.0,247.0,242.0,246.0,457.0,454.0,435.0,360.0,125.0,155.0,
320,1.716338,43.946453,129.0,142.0,147.0,244.0,229.0,296.0,61.0,62.0,61.0,346.0,349.0,324.0,409.0,423.0,380.0,825.0,236.0,198.0,
319,1.894635,43.924386,137.0,150.0,152.0,257.0,264.0,292.0,71.0,74.0,73.0,334.0,331.0,308.0,410.0,405.0,400.0,329.0,137.0,157.0,
323,1.774471,43.715481,133.0,145.0,148.0,314.0,327.0,367.0,67.0,68.0,67.0,261.0,247.0,240.0,426.0,425.0,393.0,434.0,196.0,149.0,
324,2.134518,43.816174,133.0,146.0,150.0,292.0,299.0,319.0,70.0,72.0,72.0,290.0,284.0,289.0,418.0,418.0,392.0,442.0,175.0,196.0,
322,1.60577,43.846859,138.0,146.0,150.0,294.0,307.0,355.0,70.0,73.0,72.0,308.0,300.0,292.0,398.0,393.0,352.0,375.0,135.0,148.0,
325,2.099886,43.704788,132.0,148.0,150.0,284.0,282.0,339.0,73.0,74.0,74.0,285.0,278.0,255.0,432.0,441.0,406.0,463.0,171.0,160.0,
328,1.984131,43.641453,134.0,146.0,149.0,345.0,360.0,392.0,69.0,71.0,70.0,267.0,257.0,237.0,388.0,383.0,371.0,384.0,148.0,153.0,
326,2.127008,43.688776,134.0,145.0,148.0,315.0,330.0,375.0,74.0,76.0,75.0,226.0,215.0,217.0,459.0,454.0,408.0,444.0,143.0,161.0,
327,1.762976,43.623924,134.0,150.0,153.0,320.0,325.0,382.0,73.0,75.0,75.0,267.0,260.0,252.0,414.0,415.0,366.0,463.0,123.0,152.0,
312,2.377709,44.051863,132.0,147.0,147.0,251.0,251.0,304.0,64.0,64.0,64.0,393.0,395.0,370.0,355.0,354.0,325.0,655.0,294.0,271.0,
330,1.989094,43.605603,133.0,146.0,150.0,338.0,358.0,389.0,75.0,77.0,77.0,219.0,209.0,209.0,443.0,433.0,402.0,402.0,161.0,158.0,
329,1.927798,43.510161,134.0,147.0,150.0,325.0,354.0,366.0,76.0,78.0,78.0,274.0,262.0,264.0,401.0,385.0,370.0,442.0,142.0,150.0,
331,2.117051,43.579271,129.0,145.0,147.0,330.0,341.0,384.0,67.0,68.0,67.0,280.0,273.0,267.0,390.0,386.0,350.0,493.0,208.0,171.0,
332,2.792853,43.737676,115.0,123.0,129.0,234.0,232.0,269.0,65.0,65.0,65.0,399.0,400.0,380.0,367.0,367.0,351.0,760.0,454.0,308.0,
334,2.36544,43.579965,129.0,137.0,138.0,242.0,251.0,302.0,66.0,66.0,66.0,313.0,309.0,292.0,445.0,440.0,406.0,632.0,270.0,214.0,
335,2.433383,43.440091,100.0,115.0,121.0,223.0,207.0,272.0,50.0,50.0,50.0,488.0,500.0,452.0,289.0,293.0,277.0,997.0,642.0,339.0,
337,2.281858,43.646276,131.0,143.0,146.0,257.0,271.0,327.0,69.0,70.0,70.0,323.0,314.0,293.0,421.0,415.0,380.0,552.0,227.0,158.0,
336,2.441561,43.567508,110.0,124.0,129.0,273.0,272.0,337.0,60.0,61.0,61.0,374.0,375.0,347.0,353.0,353.0,317.0,775.0,375.0,250.0,
339,6.631563,48.082079,103.0,120.0,122.0,291.0,298.0,284.0,55.0,57.0,58.0,327.0,324.0,316.0,382.0,378.0,400.0,887.0,471.0,365.0,
333,2.249633,43.516911,129.0,139.0,144.0,293.0,298.0,338.0,69.0,70.0,70.0,251.0,245.0,251.0,456.0,457.0,411.0,471.0,239.0,173.0,
341,5.86669,48.236149,114.0,129.0,133.0,385.0,396.0,415.0,55.0,58.0,58.0,203.0,185.0,223.0,412.0,419.0,362.0,962.0,373.0,199.0,
342,5.841264,48.217201,124.0,133.0,136.0,393.0,384.0,427.0,67.0,70.0,70.0,151.0,140.0,161.0,457.0,476.0,412.0,542.0,278.0,170.0,
344,6.618388,48.279774,126.0,130.0,132.0,370.0,392.0,404.0,64.0,66.0,65.0,89.0,77.0,88.0,541.0,531.0,508.0,571.0,361.0,160.0,
345,6.512004,48.25846,125.0,131.0,133.0,347.0,328.0,349.0,59.0,61.0,61.0,161.0,163.0,168.0,492.0,509.0,482.0,681.0,345.0,171.0,
340,5.974201,48.240153,120.0,130.0,134.0,404.0,415.0,450.0,67.0,68.0,68.0,169.0,161.0,189.0,427.0,424.0,361.0,747.0,325.0,198.0,
346,5.703888,48.247964,129.0,135.0,137.0,366.0,381.0,378.0,64.0,67.0,67.0,143.0,131.0,155.0,491.0,488.0,467.0,574.0,327.0,195.0,
347,6.505583,48.366234,122.0,130.0,130.0,359.0,373.0,368.0,67.0,70.0,69.0,103.0,94.0,101.0,538.0,533.0,531.0,587.0,331.0,185.0,
348,6.891966,48.215734,99.0,112.0,118.0,214.0,200.0,200.0,51.0,52.0,53.0,441.0,452.0,463.0,344.0,348.0,337.0,1282.0,624.0,290.0,
349,5.905195,48.093473,119.0,131.0,135.0,316.0,325.0,392.0,61.0,62.0,62.0,135.0,123.0,168.0,548.0,553.0,440.0,724.0,305.0,267.0,
350,5.913861,47.98567,128.0,138.0,137.0,327.0,325.0,357.0,66.0,70.0,70.0,130.0,124.0,154.0,543.0,552.0,489.0,587.0,275.0,198.0,
351,6.166463,48.192945,127.0,134.0,137.0,380.0,388.0,412.0,65.0,67.0,66.0,125.0,108.0,131.0,495.0,503.0,456.0,683.0,279.0,169.0,
353,6.336738,48.072645,122.0,132.0,134.0,256.0,246.0,261.0,60.0,61.0,61.0,322.0,332.0,359.0,421.0,422.0,379.0,680.0,320.0,222.0,
343,6.313836,48.017826,124.0,134.0,136.0,285.0,277.0,296.0,59.0,60.0,60.0,287.0,284.0,319.0,428.0,439.0,386.0,626.0,331.0,201.0,
354,6.469481,48.094999,119.0,128.0,131.0,276.0,281.0,263.0,59.0,60.0,60.0,244.0,245.0,247.0,479.0,474.0,490.0,651.0,272.0,165.0,
356,5.518928,43.838307,131.0,134.0,140.0,333.0,345.0,337.0,75.0,76.0,76.0,284.0,277.0,281.0,383.0,378.0,383.0,527.0,231.0,215.0,
338,5.884201,48.020614,,,,,,,,,,,,,,,,,,,Max retries reached
352,6.302085,48.179579,120.0,133.0,134.0,372.0,386.0,401.0,62.0,63.0,63.0,114.0,102.0,119.0,514.0,513.0,480.0,655.0,346.0,184.0,
359,5.42698,43.74391,130.0,144.0,150.0,247.0,230.0,283.0,77.0,78.0,78.0,389.0,397.0,370.0,365.0,374.0,347.0,489.0,152.0,179.0,
360,5.598712,43.769495,132.0,144.0,147.0,236.0,216.0,273.0,77.0,79.0,78.0,354.0,363.0,329.0,411.0,421.0,398.0,460.0,217.0,177.0,
361,5.523112,43.784272,127.0,135.0,140.0,269.0,262.0,304.0,75.0,76.0,76.0,323.0,326.0,311.0,408.0,412.0,385.0,461.0,235.0,219.0,
362,5.674357,43.754607,124.0,136.0,141.0,284.0,288.0,324.0,76.0,77.0,77.0,273.0,269.0,264.0,443.0,443.0,412.0,523.0,265.0,196.0,
355,5.46514,43.890168,131.0,136.0,141.0,318.0,312.0,341.0,75.0,76.0,76.0,293.0,296.0,286.0,389.0,391.0,373.0,501.0,349.0,183.0,
364,4.937645,44.22701,132.0,145.0,147.0,275.0,270.0,292.0,77.0,78.0,78.0,384.0,388.0,375.0,341.0,342.0,333.0,427.0,163.0,225.0,
365,4.987468,44.229435,,,,,,,,,,,,,,,,,,,
363,4.68164,44.286472,135.0,153.0,155.0,220.0,220.0,255.0,75.0,76.0,76.0,301.0,292.0,296.0,479.0,487.0,449.0,463.0,160.0,218.0,
366,4.939285,44.209042,134.0,150.0,153.0,342.0,348.0,344.0,77.0,78.0,78.0,334.0,328.0,338.0,324.0,323.0,319.0,427.0,149.0,181.0,
368,4.970513,44.138265,133.0,152.0,154.0,249.0,229.0,252.0,77.0,78.0,78.0,389.0,399.0,381.0,362.0,373.0,367.0,503.0,168.0,197.0,
367,5.02188,44.12269,130.0,139.0,144.0,227.0,208.0,251.0,76.0,77.0,77.0,391.0,398.0,374.0,382.0,394.0,375.0,503.0,203.0,228.0,
369,4.97845,44.04834,136.0,153.0,155.0,211.0,205.0,252.0,75.0,76.0,76.0,361.0,361.0,339.0,428.0,434.0,410.0,555.0,205.0,202.0,
370,5.20291,43.75178,126.0,136.0,142.0,291.0,268.0,291.0,73.0,74.0,75.0,362.0,367.0,356.0,347.0,364.0,353.0,752.0,279.0,253.0,
371,5.03284,43.99674,136.0,154.0,155.0,216.0,210.0,256.0,77.0,78.0,78.0,353.0,346.0,331.0,430.0,444.0,413.0,490.0,144.0,165.0,
357,5.318605,44.186552,123.0,131.0,136.0,300.0,299.0,323.0,72.0,72.0,72.0,258.0,264.0,255.0,443.0,437.0,421.0,658.0,348.0,304.0,
373,4.98471,43.97634,136.0,152.0,154.0,233.0,233.0,271.0,76.0,78.0,78.0,320.0,310.0,300.0,446.0,457.0,430.0,519.0,229.0,170.0,
372,5.11808,43.87449,134.0,148.0,151.0,175.0,164.0,246.0,77.0,78.0,78.0,471.0,479.0,431.0,354.0,357.0,323.0,466.0,156.0,170.0,
358,5.424087,43.779938,130.0,137.0,140.0,239.0,225.0,287.0,77.0,78.0,78.0,342.0,345.0,322.0,419.0,430.0,390.0,504.0,215.0,204.0,
377,5.800721,43.380409,123.0,136.0,139.0,285.0,292.0,303.0,76.0,77.0,77.0,217.0,214.0,219.0,497.0,495.0,478.0,609.0,234.0,199.0,
376,5.739743,43.540551,120.0,130.0,134.0,264.0,274.0,292.0,73.0,74.0,74.0,197.0,192.0,191.0,539.0,534.0,517.0,600.0,487.0,179.0,
375,6.086148,43.536261,108.0,117.0,122.0,263.0,255.0,263.0,68.0,69.0,69.0,259.0,256.0,257.0,478.0,489.0,480.0,902.0,462.0,306.0,
378,6.088003,43.138834,123.0,132.0,139.0,220.0,224.0,267.0,68.0,68.0,68.0,383.0,378.0,349.0,397.0,398.0,384.0,778.0,357.0,189.0,
380,6.584661,43.463754,130.0,145.0,147.0,219.0,228.0,264.0,71.0,71.0,72.0,379.0,372.0,349.0,402.0,401.0,386.0,573.0,260.0,175.0,
382,6.003613,43.298191,110.0,119.0,126.0,287.0,297.0,298.0,69.0,70.0,70.0,222.0,217.0,218.0,491.0,486.0,484.0,826.0,444.0,216.0,
381,6.828058,43.525768,113.0,121.0,126.0,264.0,252.0,285.0,67.0,68.0,68.0,376.0,390.0,366.0,360.0,358.0,349.0,680.0,344.0,216.0,
374,6.164858,43.466988,130.0,146.0,146.0,249.0,245.0,272.0,75.0,75.0,75.0,177.0,172.0,177.0,574.0,583.0,551.0,494.0,183.0,149.0,
379,6.693493,43.720169,124.0,135.0,138.0,304.0,317.0,310.0,71.0,71.0,71.0,194.0,188.0,195.0,502.0,496.0,495.0,516.0,335.0,251.0,
385,6.575171,43.626003,124.0,131.0,137.0,270.0,272.0,273.0,73.0,74.0,74.0,238.0,238.0,242.0,492.0,490.0,485.0,712.0,349.0,249.0,
383,5.980278,43.27926,122.0,128.0,135.0,316.0,324.0,301.0,72.0,72.0,72.0,189.0,182.0,195.0,496.0,494.0,504.0,617.0,607.0,224.0,
384,6.733473,43.450566,132.0,150.0,152.0,244.0,234.0,252.0,72.0,72.0,73.0,394.0,395.0,381.0,362.0,371.0,367.0,601.0,201.0,167.0,
386,5.755443,43.324334,119.0,128.0,133.0,269.0,257.0,271.0,71.0,72.0,72.0,234.0,236.0,244.0,497.0,507.0,485.0,815.0,699.0,328.0,
388,6.308518,43.147041,133.0,138.0,142.0,188.0,178.0,238.0,70.0,71.0,71.0,478.0,482.0,439.0,335.0,340.0,323.0,581.0,196.0,176.0,
387,6.156834,43.21368,120.0,130.0,135.0,190.0,191.0,243.0,69.0,69.0,69.0,402.0,401.0,371.0,408.0,408.0,386.0,726.0,339.0,229.0,
389,5.807175,43.633683,118.0,130.0,135.0,272.0,271.0,289.0,75.0,76.0,76.0,222.0,218.0,212.0,506.0,511.0,498.0,556.0,333.0,208.0,
392,0.85603,44.00056,136.0,146.0,151.0,316.0,308.0,329.0,66.0,67.0,67.0,170.0,164.0,186.0,515.0,528.0,484.0,502.0,180.0,185.0,
390,0.82868,44.01661,135.0,145.0,147.0,337.0,326.0,344.0,70.0,72.0,72.0,171.0,167.0,187.0,491.0,508.0,469.0,470.0,158.0,171.0,
391,0.87794,44.02052,135.0,141.0,143.0,240.0,242.0,297.0,66.0,67.0,67.0,200.0,192.0,204.0,560.0,566.0,500.0,840.0,258.0,177.0,
393,1.34807,43.89801,135.0,148.0,150.0,192.0,178.0,241.0,65.0,66.0,65.0,356.0,357.0,340.0,452.0,465.0,419.0,367.0,184.0,173.0,
395,1.66545,44.12359,136.0,147.0,150.0,308.0,310.0,334.0,69.0,71.0,71.0,237.0,226.0,229.0,455.0,464.0,436.0,549.0,308.0,180.0,
394,1.30161,44.03914,138.0,152.0,154.0,260.0,254.0,272.0,66.0,67.0,67.0,321.0,315.0,307.0,419.0,430.0,422.0,415.0,170.0,171.0,
399,0.97976,44.01146,136.0,148.0,150.0,277.0,293.0,307.0,68.0,70.0,70.0,220.0,209.0,221.0,502.0,498.0,472.0,537.0,190.0,187.0,
398,1.13659,43.97067,,,,,,,,,,,,,,,,,,,Max retries reached
401,1.96086,44.16513,132.0,142.0,143.0,241.0,245.0,295.0,65.0,66.0,65.0,378.0,384.0,348.0,381.0,371.0,357.0,474.0,269.0,188.0,
402,1.78182,44.18728,128.0,138.0,138.0,353.0,387.0,362.0,67.0,67.0,67.0,179.0,162.0,198.0,468.0,452.0,440.0,660.0,321.0,203.0,
400,1.16118,44.13605,136.0,148.0,150.0,246.0,255.0,294.0,72.0,74.0,74.0,321.0,307.0,304.0,433.0,438.0,402.0,415.0,164.0,184.0,
403,1.87097,44.2668,135.0,147.0,147.0,345.0,350.0,362.0,71.0,72.0,72.0,206.0,192.0,203.0,449.0,458.0,436.0,465.0,320.0,186.0,
404,1.7243,44.23704,136.0,147.0,149.0,349.0,364.0,361.0,69.0,71.0,71.0,186.0,177.0,193.0,465.0,460.0,445.0,547.0,274.0,175.0,
397,1.33483,44.15072,,,,,,,,,,,,,,,,,,,Max retries reached
405,1.26695,44.2717,138.0,148.0,145.0,266.0,271.0,298.0,70.0,72.0,71.0,342.0,337.0,304.0,392.0,392.0,397.0,488.0,211.0,185.0,
406,1.19966,44.21182,136.0,148.0,150.0,246.0,240.0,284.0,73.0,75.0,75.0,324.0,316.0,296.0,430.0,444.0,420.0,583.0,180.0,173.0,
407,1.30676,43.8401,129.0,139.0,145.0,242.0,257.0,290.0,58.0,58.0,58.0,251.0,240.0,251.0,506.0,503.0,459.0,1061.0,228.0,241.0,
408,1.09474,44.23906,135.0,143.0,144.0,263.0,256.0,290.0,71.0,73.0,73.0,311.0,307.0,292.0,426.0,437.0,419.0,490.0,180.0,176.0,
409,0.95871,44.29989,133.0,146.0,147.0,360.0,359.0,366.0,73.0,75.0,75.0,147.0,139.0,159.0,493.0,502.0,475.0,517.0,204.0,189.0,
410,0.9542,44.17247,135.0,148.0,151.0,375.0,375.0,374.0,71.0,74.0,74.0,170.0,166.0,166.0,456.0,459.0,460.0,516.0,167.0,170.0,
396,1.4312,44.17679,,,,,,,,,,,,,,,,,,,Max retries reached
411,0.9762,44.19254,136.0,146.0,148.0,341.0,350.0,372.0,70.0,72.0,72.0,200.0,192.0,195.0,459.0,458.0,433.0,725.0,203.0,179.0,
412,2.04558,43.01101,113.0,125.0,132.0,267.0,269.0,289.0,66.0,67.0,67.0,232.0,227.0,236.0,501.0,504.0,475.0,991.0,259.0,230.0,
413,-1.092034,46.608324,129.0,139.0,142.0,215.0,214.0,243.0,64.0,65.0,64.0,215.0,201.0,237.0,570.0,586.0,520.0,504.0,197.0,160.0,
415,-0.903771,46.464231,126.0,138.0,141.0,255.0,279.0,311.0,67.0,68.0,68.0,137.0,119.0,160.0,608.0,602.0,528.0,442.0,196.0,185.0,
414,-1.158286,46.546916,129.0,139.0,142.0,277.0,287.0,290.0,66.0,68.0,68.0,212.0,195.0,228.0,511.0,518.0,482.0,561.0,178.0,189.0,
417,-1.679903,46.636569,129.0,139.0,140.0,227.0,244.0,266.0,64.0,64.0,64.0,261.0,251.0,266.0,511.0,505.0,468.0,494.0,165.0,213.0,
416,-1.278976,46.370656,129.0,139.0,141.0,456.0,472.0,465.0,74.0,76.0,76.0,84.0,76.0,117.0,461.0,452.0,418.0,580.0,261.0,236.0,
418,-1.527716,46.54373,124.0,133.0,135.0,205.0,222.0,261.0,63.0,64.0,64.0,262.0,248.0,269.0,533.0,529.0,470.0,543.0,181.0,220.0,
421,-0.660801,46.434316,128.0,139.0,141.0,286.0,320.0,306.0,70.0,73.0,73.0,182.0,167.0,216.0,532.0,513.0,478.0,463.0,252.0,161.0,
423,-1.568553,46.738904,127.0,133.0,136.0,198.0,209.0,239.0,62.0,62.0,62.0,266.0,257.0,271.0,535.0,534.0,490.0,464.0,166.0,162.0,
424,-1.302118,46.605136,127.0,139.0,140.0,222.0,249.0,262.0,64.0,65.0,65.0,229.0,217.0,255.0,548.0,535.0,483.0,489.0,172.0,165.0,
425,-1.314065,46.657736,130.0,139.0,141.0,217.0,227.0,241.0,63.0,64.0,63.0,232.0,214.0,250.0,551.0,558.0,509.0,477.0,189.0,166.0,
419,-1.401231,46.448143,128.0,142.0,143.0,295.0,317.0,333.0,71.0,72.0,72.0,190.0,179.0,217.0,515.0,504.0,450.0,521.0,177.0,229.0,
422,-1.788561,46.877764,124.0,133.0,136.0,178.0,168.0,187.0,58.0,57.0,58.0,463.0,468.0,452.0,359.0,364.0,362.0,575.0,234.0,296.0,
420,-1.352811,46.471616,127.0,143.0,143.0,254.0,279.0,316.0,69.0,70.0,69.0,172.0,159.0,202.0,573.0,562.0,482.0,516.0,170.0,180.0,
426,-0.763931,46.423949,128.0,139.0,142.0,302.0,319.0,330.0,72.0,75.0,75.0,163.0,149.0,187.0,535.0,533.0,483.0,450.0,199.0,164.0,
429,-0.722654,46.609696,128.0,138.0,140.0,206.0,213.0,234.0,65.0,66.0,66.0,318.0,303.0,313.0,476.0,484.0,453.0,423.0,176.0,156.0,
430,-1.128728,46.531843,129.0,137.0,141.0,269.0,282.0,290.0,66.0,67.0,67.0,218.0,203.0,230.0,513.0,515.0,480.0,509.0,180.0,187.0,
432,-0.848293,46.578851,125.0,135.0,139.0,217.0,230.0,236.0,67.0,69.0,69.0,379.0,368.0,359.0,404.0,402.0,406.0,465.0,158.0,141.0,
431,-0.984829,46.474073,128.0,138.0,140.0,246.0,258.0,290.0,70.0,71.0,71.0,211.0,198.0,236.0,543.0,544.0,474.0,507.0,169.0,163.0,
434,-0.859298,46.632228,128.0,136.0,139.0,223.0,231.0,225.0,65.0,65.0,65.0,339.0,323.0,336.0,438.0,446.0,439.0,484.0,212.0,149.0,
427,-1.095106,46.371796,128.0,139.0,140.0,441.0,461.0,455.0,75.0,76.0,76.0,76.0,70.0,107.0,483.0,469.0,437.0,601.0,202.0,300.0,
433,-1.044361,46.758603,128.0,136.0,139.0,248.0,255.0,244.0,64.0,65.0,65.0,285.0,279.0,310.0,466.0,466.0,446.0,461.0,175.0,154.0,
436,-1.563954,46.830993,125.0,137.0,138.0,167.0,158.0,177.0,63.0,63.0,62.0,445.0,448.0,435.0,388.0,394.0,388.0,581.0,192.0,268.0,
435,-1.203008,46.633089,128.0,135.0,138.0,212.0,210.0,229.0,65.0,66.0,66.0,297.0,283.0,302.0,491.0,507.0,469.0,512.0,199.0,150.0,
437,-1.545849,46.869308,127.0,136.0,137.0,172.0,164.0,182.0,63.0,63.0,63.0,378.0,375.0,365.0,451.0,461.0,453.0,436.0,190.0,185.0,
439,-0.725783,46.754634,124.0,135.0,138.0,181.0,175.0,178.0,61.0,62.0,62.0,409.0,414.0,398.0,410.0,411.0,424.0,600.0,227.0,187.0,
438,-1.148056,46.747853,128.0,136.0,139.0,280.0,294.0,306.0,67.0,68.0,68.0,234.0,217.0,231.0,486.0,489.0,463.0,372.0,194.0,149.0,
440,-1.003708,46.817276,123.0,134.0,138.0,190.0,182.0,194.0,63.0,63.0,63.0,339.0,332.0,361.0,472.0,487.0,446.0,451.0,179.0,135.0,
441,-1.022438,46.906181,127.0,137.0,138.0,163.0,143.0,159.0,61.0,61.0,61.0,465.0,463.0,442.0,372.0,394.0,399.0,549.0,229.0,231.0,
442,-1.382306,46.850431,121.0,132.0,136.0,169.0,170.0,188.0,57.0,57.0,58.0,352.0,347.0,339.0,479.0,483.0,473.0,615.0,209.0,203.0,
428,-1.663713,46.801996,123.0,129.0,133.0,174.0,162.0,198.0,62.0,63.0,62.0,369.0,362.0,374.0,457.0,476.0,428.0,554.0,237.0,207.0,
443,-1.422571,46.791624,125.0,136.0,141.0,181.0,191.0,211.0,62.0,63.0,63.0,274.0,262.0,268.0,544.0,547.0,521.0,479.0,148.0,200.0,
445,-1.085764,46.954156,125.0,134.0,138.0,171.0,167.0,179.0,60.0,60.0,60.0,415.0,401.0,407.0,413.0,432.0,414.0,425.0,198.0,164.0,
444,-1.423813,46.918738,125.0,136.0,138.0,154.0,150.0,163.0,61.0,62.0,62.0,321.0,310.0,328.0,525.0,540.0,509.0,453.0,157.0,163.0,
449,-4.230966,48.481793,111.0,119.0,119.0,189.0,188.0,207.0,57.0,57.0,58.0,224.0,225.0,229.0,587.0,587.0,564.0,430.0,315.0,213.0,
448,-4.177679,48.488704,109.0,120.0,122.0,189.0,188.0,214.0,54.0,55.0,55.0,324.0,326.0,302.0,488.0,486.0,484.0,822.0,447.0,279.0,
447,-1.238008,46.920164,126.0,135.0,138.0,179.0,184.0,194.0,62.0,62.0,62.0,315.0,295.0,305.0,507.0,521.0,501.0,414.0,184.0,163.0,
446,-1.159996,46.928299,124.0,133.0,137.0,168.0,162.0,172.0,63.0,64.0,64.0,400.0,394.0,393.0,432.0,443.0,435.0,438.0,170.0,231.0,
452,0.074513,46.577774,130.0,138.0,141.0,216.0,219.0,244.0,62.0,63.0,63.0,244.0,218.0,274.0,540.0,563.0,482.0,412.0,188.0,135.0,
454,0.065838,46.903416,131.0,136.0,138.0,244.0,281.0,290.0,70.0,75.0,74.0,424.0,400.0,395.0,332.0,320.0,315.0,322.0,147.0,166.0,
455,-0.019129,46.931821,126.0,134.0,138.0,260.0,301.0,284.0,69.0,71.0,71.0,409.0,385.0,385.0,332.0,314.0,331.0,554.0,223.0,172.0,
450,-4.228831,47.897506,114.0,123.0,127.0,208.0,213.0,229.0,59.0,59.0,59.0,289.0,287.0,273.0,503.0,500.0,499.0,761.0,343.0,230.0,
457,0.257579,47.011624,133.0,137.0,138.0,219.0,266.0,262.0,67.0,72.0,71.0,331.0,301.0,320.0,450.0,433.0,417.0,266.0,150.0,124.0,
456,0.042041,47.028168,129.0,135.0,137.0,252.0,308.0,292.0,68.0,73.0,73.0,356.0,318.0,335.0,392.0,373.0,372.0,294.0,173.0,129.0,
458,0.300268,46.924836,130.0,134.0,136.0,177.0,193.0,194.0,66.0,69.0,68.0,518.0,511.0,481.0,305.0,296.0,325.0,381.0,219.0,119.0,
459,0.254794,46.884463,131.0,136.0,135.0,288.0,315.0,318.0,68.0,73.0,72.0,329.0,293.0,345.0,382.0,392.0,337.0,369.0,177.0,138.0,
460,0.479406,46.813964,126.0,136.0,139.0,228.0,254.0,253.0,67.0,70.0,69.0,449.0,435.0,414.0,323.0,311.0,332.0,500.0,200.0,195.0,
461,0.472923,46.849638,130.0,134.0,138.0,230.0,249.0,251.0,67.0,71.0,70.0,323.0,304.0,317.0,447.0,447.0,432.0,405.0,186.0,152.0,
462,0.482711,46.941131,137.0,140.0,138.0,206.0,225.0,223.0,66.0,69.0,69.0,512.0,499.0,480.0,282.0,276.0,296.0,340.0,151.0,144.0,
463,0.433841,46.91868,134.0,137.0,137.0,234.0,253.0,240.0,64.0,67.0,67.0,437.0,418.0,431.0,329.0,329.0,328.0,307.0,159.0,116.0,
453,0.086906,46.796131,132.0,137.0,138.0,255.0,307.0,303.0,71.0,75.0,75.0,291.0,250.0,274.0,454.0,443.0,422.0,437.0,228.0,191.0,
464,0.443621,46.865158,133.0,137.0,140.0,280.0,324.0,291.0,68.0,72.0,72.0,356.0,316.0,347.0,364.0,360.0,362.0,373.0,168.0,163.0,
467,0.66849,46.939268,133.0,139.0,140.0,183.0,176.0,182.0,63.0,65.0,65.0,475.0,477.0,464.0,343.0,348.0,355.0,519.0,177.0,131.0,
451,-4.271489,47.855326,,,,,,,,,,,,,,,,,,,Max retries reached
465,0.196709,46.770384,133.0,138.0,139.0,262.0,300.0,270.0,70.0,75.0,75.0,399.0,375.0,396.0,339.0,325.0,335.0,293.0,179.0,124.0,
468,0.622231,46.754018,123.0,132.0,138.0,220.0,238.0,243.0,55.0,57.0,57.0,342.0,322.0,351.0,438.0,440.0,405.0,700.0,282.0,128.0,
471,0.404673,46.644159,134.0,141.0,141.0,217.0,246.0,256.0,67.0,72.0,72.0,407.0,374.0,409.0,376.0,379.0,335.0,269.0,161.0,138.0,
472,0.492113,46.597568,132.0,139.0,140.0,196.0,207.0,200.0,67.0,71.0,70.0,431.0,416.0,420.0,373.0,377.0,380.0,320.0,149.0,120.0,
469,0.714138,46.834663,132.0,139.0,141.0,211.0,212.0,206.0,65.0,68.0,67.0,455.0,441.0,446.0,334.0,346.0,349.0,533.0,175.0,138.0,
473,0.598879,46.588934,123.0,135.0,139.0,212.0,218.0,237.0,61.0,63.0,63.0,404.0,405.0,391.0,384.0,377.0,373.0,644.0,230.0,130.0,
474,0.638151,46.664774,129.0,137.0,140.0,213.0,227.0,231.0,66.0,70.0,70.0,423.0,405.0,412.0,363.0,368.0,357.0,385.0,176.0,129.0,
475,0.734796,46.564428,133.0,140.0,140.0,195.0,193.0,202.0,64.0,68.0,67.0,366.0,352.0,360.0,439.0,455.0,438.0,436.0,155.0,176.0,
466,0.381898,46.769025,,,,,,,,,,,,,,,,,,,Max retries reached
476,0.666813,46.504283,134.0,141.0,143.0,202.0,195.0,210.0,65.0,68.0,68.0,434.0,433.0,424.0,364.0,372.0,366.0,366.0,175.0,194.0,
477,1.092761,46.468077,134.0,141.0,141.0,170.0,154.0,203.0,66.0,68.0,68.0,405.0,415.0,383.0,425.0,431.0,414.0,442.0,183.0,139.0,
478,0.899436,46.524303,134.0,139.0,140.0,238.0,228.0,224.0,68.0,71.0,71.0,384.0,376.0,362.0,378.0,396.0,414.0,358.0,167.0,163.0,
479,0.829893,46.319006,128.0,137.0,140.0,186.0,167.0,221.0,61.0,62.0,62.0,380.0,371.0,369.0,433.0,462.0,410.0,614.0,217.0,152.0,
480,0.932981,46.327829,133.0,140.0,140.0,180.0,175.0,224.0,62.0,64.0,64.0,394.0,385.0,366.0,426.0,440.0,410.0,465.0,205.0,170.0,
481,0.649396,46.303348,127.0,136.0,138.0,199.0,188.0,207.0,64.0,64.0,64.0,366.0,358.0,348.0,435.0,454.0,445.0,511.0,227.0,152.0,
482,0.701083,46.307944,127.0,135.0,140.0,278.0,281.0,300.0,65.0,68.0,68.0,313.0,297.0,308.0,409.0,422.0,392.0,573.0,223.0,141.0,
483,0.729843,46.292248,129.0,137.0,139.0,189.0,169.0,206.0,61.0,61.0,62.0,392.0,378.0,378.0,419.0,453.0,415.0,551.0,199.0,159.0,
470,0.871626,46.684919,133.0,138.0,140.0,184.0,189.0,203.0,65.0,67.0,67.0,408.0,385.0,390.0,408.0,426.0,408.0,417.0,164.0,126.0,
484,0.768001,46.222959,127.0,136.0,138.0,196.0,198.0,226.0,61.0,62.0,62.0,374.0,364.0,369.0,430.0,438.0,405.0,640.0,249.0,178.0,
486,0.469048,46.287338,128.0,139.0,141.0,204.0,184.0,214.0,67.0,69.0,69.0,295.0,277.0,314.0,501.0,540.0,472.0,434.0,147.0,132.0,
485,0.54953,46.276393,131.0,140.0,142.0,183.0,159.0,186.0,63.0,65.0,65.0,378.0,378.0,364.0,438.0,463.0,450.0,408.0,168.0,132.0,
487,0.545884,46.149165,131.0,142.0,143.0,192.0,177.0,204.0,65.0,67.0,67.0,367.0,370.0,364.0,441.0,453.0,432.0,451.0,194.0,141.0,
488,0.215291,46.101105,124.0,139.0,144.0,217.0,227.0,246.0,69.0,72.0,72.0,213.0,197.0,245.0,570.0,576.0,509.0,451.0,197.0,140.0,
490,0.134371,46.256878,123.0,139.0,140.0,274.0,288.0,314.0,71.0,74.0,74.0,179.0,149.0,196.0,547.0,563.0,490.0,609.0,217.0,213.0,
492,0.104571,46.417339,122.0,137.0,141.0,209.0,236.0,250.0,63.0,64.0,64.0,234.0,207.0,245.0,557.0,557.0,505.0,518.0,210.0,189.0,
494,0.236903,46.411384,127.0,141.0,143.0,296.0,316.0,306.0,67.0,70.0,70.0,287.0,259.0,297.0,418.0,425.0,397.0,376.0,192.0,163.0,
495,0.395008,46.407616,124.0,133.0,138.0,214.0,209.0,228.0,62.0,63.0,64.0,338.0,317.0,336.0,448.0,474.0,436.0,601.0,198.0,146.0,
496,0.559468,46.367931,130.0,140.0,143.0,205.0,201.0,223.0,67.0,69.0,69.0,352.0,338.0,330.0,442.0,461.0,447.0,381.0,168.0,144.0,
493,0.207798,46.42687,129.0,139.0,143.0,207.0,211.0,232.0,64.0,66.0,66.0,359.0,338.0,370.0,434.0,451.0,398.0,451.0,200.0,132.0,
498,0.073588,46.722796,129.0,136.0,138.0,236.0,294.0,277.0,71.0,75.0,75.0,259.0,222.0,265.0,506.0,484.0,458.0,477.0,243.0,194.0,
497,0.57576,46.423743,128.0,135.0,140.0,201.0,203.0,217.0,63.0,65.0,65.0,434.0,425.0,402.0,365.0,372.0,382.0,531.0,246.0,143.0,
499,2.42763,49.01094,133.0,137.0,141.0,229.0,228.0,234.0,70.0,74.0,74.0,152.0,147.0,153.0,619.0,625.0,612.0,447.0,170.0,120.0,
489,0.22466,46.192639,124.0,137.0,138.0,331.0,340.0,333.0,67.0,70.0,70.0,170.0,156.0,184.0,499.0,504.0,483.0,512.0,218.0,152.0,
500,2.2747,49.10889,130.0,134.0,141.0,272.0,283.0,297.0,67.0,70.0,70.0,299.0,295.0,297.0,429.0,422.0,406.0,475.0,192.0,121.0,
502,2.02908,49.09176,128.0,133.0,139.0,272.0,299.0,291.0,69.0,74.0,74.0,144.0,134.0,147.0,584.0,568.0,562.0,400.0,131.0,132.0,
501,2.09676,49.18678,130.0,134.0,141.0,219.0,205.0,237.0,68.0,72.0,72.0,330.0,335.0,330.0,451.0,460.0,433.0,430.0,195.0,149.0,
503,1.97537,49.08796,129.0,133.0,139.0,232.0,238.0,265.0,69.0,73.0,73.0,316.0,311.0,295.0,452.0,450.0,440.0,392.0,170.0,136.0,
504,1.85711,49.13348,132.0,136.0,140.0,234.0,247.0,278.0,71.0,75.0,75.0,233.0,227.0,228.0,534.0,526.0,494.0,353.0,166.0,156.0,
505,2.04216,49.18294,131.0,136.0,140.0,183.0,192.0,221.0,68.0,72.0,72.0,229.0,222.0,226.0,588.0,586.0,552.0,396.0,170.0,130.0,
507,3.31221,48.36339,126.0,135.0,140.0,245.0,281.0,288.0,69.0,70.0,70.0,163.0,145.0,153.0,593.0,574.0,559.0,388.0,162.0,123.0,
506,1.71167,49.17698,135.0,138.0,140.0,231.0,253.0,254.0,68.0,73.0,72.0,184.0,167.0,169.0,586.0,580.0,577.0,365.0,195.0,114.0,
508,3.29726,48.27227,131.0,137.0,143.0,234.0,245.0,268.0,68.0,70.0,71.0,261.0,262.0,264.0,505.0,493.0,468.0,366.0,151.0,127.0,
509,3.40695,48.26084,134.0,137.0,142.0,241.0,261.0,311.0,68.0,69.0,68.0,248.0,233.0,215.0,510.0,505.0,474.0,375.0,170.0,129.0,
491,0.237318,46.266361,,,,,,,,,,,,,,,,,,,Max retries reached
510,3.11673,48.20698,134.0,137.0,143.0,194.0,233.0,253.0,71.0,73.0,72.0,111.0,101.0,106.0,696.0,666.0,641.0,419.0,159.0,140.0,
513,88.888888,88.888888,,,,,,,,,,,,,,,,,,,
515,3.28477,48.16315,117.0,125.0,132.0,268.0,275.0,301.0,70.0,72.0,71.0,334.0,335.0,310.0,397.0,390.0,389.0,517.0,314.0,286.0,
516,3.1726,47.99376,134.0,137.0,140.0,189.0,202.0,209.0,70.0,73.0,72.0,221.0,214.0,225.0,590.0,584.0,566.0,385.0,149.0,135.0,
517,3.21879,48.05078,134.0,137.0,141.0,222.0,235.0,240.0,69.0,72.0,71.0,223.0,213.0,219.0,555.0,552.0,541.0,357.0,146.0,138.0,
511,3.00959,48.2002,,,,,,,,,,,,,,,,,,,Max retries reached
519,3.68444,47.98828,134.0,136.0,139.0,235.0,255.0,295.0,70.0,73.0,73.0,194.0,184.0,183.0,571.0,561.0,522.0,321.0,164.0,137.0,
518,3.51286,48.06855,121.0,131.0,136.0,244.0,245.0,274.0,50.0,52.0,52.0,223.0,210.0,199.0,532.0,545.0,526.0,694.0,268.0,144.0,
520,3.8561,47.90678,133.0,138.0,140.0,311.0,327.0,337.0,71.0,76.0,75.0,169.0,159.0,154.0,520.0,515.0,509.0,349.0,217.0,134.0,
521,3.91314,47.87489,134.0,136.0,140.0,334.0,349.0,348.0,69.0,75.0,74.0,126.0,119.0,118.0,540.0,532.0,534.0,374.0,237.0,144.0,
514,3.45231,48.11918,122.0,129.0,136.0,234.0,240.0,240.0,54.0,57.0,57.0,274.0,265.0,250.0,491.0,495.0,510.0,666.0,285.0,128.0,
512,3.18728,48.08494,,,,,,,,,,,,,,,,,,,Max retries reached
522,3.57995,47.96419,129.0,135.0,140.0,289.0,307.0,294.0,65.0,67.0,67.0,290.0,278.0,264.0,421.0,415.0,442.0,482.0,192.0,124.0,
523,3.71339,47.97189,134.0,137.0,140.0,304.0,301.0,293.0,71.0,75.0,75.0,294.0,290.0,287.0,403.0,409.0,420.0,362.0,186.0,135.0,
525,3.40066,47.89909,135.0,137.0,139.0,285.0,312.0,320.0,73.0,76.0,75.0,207.0,196.0,209.0,508.0,493.0,471.0,321.0,158.0,133.0,
526,4.08378,47.55942,126.0,133.0,135.0,274.0,269.0,330.0,64.0,66.0,66.0,86.0,76.0,89.0,640.0,655.0,582.0,585.0,212.0,148.0,
524,3.37069,47.9157,133.0,136.0,141.0,284.0,309.0,319.0,70.0,74.0,74.0,211.0,204.0,218.0,505.0,487.0,463.0,356.0,170.0,141.0,
527,3.97913,47.77027,131.0,136.0,138.0,336.0,361.0,361.0,70.0,76.0,75.0,59.0,53.0,55.0,605.0,586.0,584.0,415.0,223.0,153.0,
528,3.67339,47.64468,135.0,138.0,139.0,277.0,283.0,323.0,71.0,76.0,75.0,203.0,197.0,186.0,520.0,520.0,491.0,344.0,178.0,140.0,
529,3.34823,47.6795,135.0,137.0,140.0,264.0,252.0,291.0,66.0,70.0,70.0,406.0,413.0,353.0,330.0,336.0,356.0,367.0,137.0,161.0,
530,2.95775,47.60083,135.0,137.0,139.0,285.0,296.0,316.0,64.0,65.0,65.0,289.0,281.0,280.0,426.0,423.0,404.0,441.0,245.0,122.0,
533,3.44982,47.72178,133.0,137.0,143.0,271.0,260.0,292.0,61.0,63.0,62.0,330.0,328.0,300.0,399.0,412.0,408.0,559.0,204.0,133.0,
535,2.88247,47.75853,135.0,138.0,140.0,238.0,258.0,291.0,66.0,70.0,70.0,365.0,362.0,346.0,397.0,380.0,363.0,403.0,172.0,126.0,
534,3.01553,47.76826,136.0,137.0,140.0,231.0,222.0,261.0,66.0,68.0,68.0,186.0,173.0,182.0,583.0,605.0,556.0,408.0,179.0,111.0,
532,3.066128,47.58967,120.0,132.0,138.0,261.0,249.0,289.0,52.0,55.0,54.0,226.0,212.0,222.0,513.0,539.0,488.0,741.0,280.0,216.0,
538,3.52267,47.78028,134.0,137.0,139.0,280.0,303.0,299.0,70.0,74.0,74.0,240.0,226.0,243.0,480.0,471.0,458.0,344.0,189.0,138.0,
539,3.518129,47.8161,124.0,135.0,139.0,208.0,206.0,223.0,55.0,56.0,56.0,427.0,428.0,413.0,365.0,366.0,364.0,658.0,220.0,132.0,
540,3.28269,47.56714,132.0,137.0,139.0,350.0,351.0,376.0,68.0,73.0,73.0,201.0,197.0,189.0,449.0,451.0,435.0,341.0,314.0,174.0,
541,3.23679,47.51013,131.0,134.0,137.0,230.0,219.0,255.0,67.0,71.0,71.0,208.0,196.0,185.0,562.0,585.0,560.0,326.0,200.0,167.0,
536,3.03213,47.84043,136.0,137.0,141.0,193.0,180.0,216.0,66.0,69.0,68.0,159.0,147.0,168.0,648.0,674.0,615.0,440.0,178.0,111.0,
531,3.33659,47.76908,123.0,133.0,136.0,371.0,400.0,387.0,54.0,56.0,56.0,211.0,201.0,200.0,417.0,400.0,412.0,782.0,279.0,136.0,
544,4.03878,47.48515,128.0,135.0,137.0,282.0,273.0,316.0,66.0,68.0,68.0,188.0,178.0,184.0,530.0,549.0,500.0,542.0,239.0,169.0,
543,3.25315,47.601649,131.0,136.0,137.0,265.0,281.0,326.0,68.0,73.0,73.0,246.0,242.0,228.0,489.0,477.0,446.0,372.0,220.0,176.0,
537,3.18187,47.72345,127.0,134.0,139.0,321.0,319.0,358.0,52.0,55.0,54.0,294.0,289.0,276.0,385.0,392.0,367.0,698.0,227.0,119.0,
545,3.05391,47.877888,133.0,134.0,138.0,261.0,274.0,307.0,65.0,68.0,68.0,194.0,183.0,180.0,545.0,544.0,513.0,426.0,167.0,127.0,
546,4.04638,47.88222,129.0,134.0,137.0,325.0,337.0,350.0,69.0,74.0,74.0,102.0,91.0,82.0,573.0,573.0,567.0,535.0,291.0,159.0,
547,4.07931,47.82987,128.0,135.0,139.0,321.0,335.0,345.0,71.0,77.0,77.0,124.0,117.0,104.0,555.0,549.0,551.0,600.0,243.0,183.0,
548,3.33359,48.20228,132.0,137.0,140.0,257.0,285.0,284.0,71.0,75.0,74.0,255.0,244.0,229.0,488.0,471.0,487.0,332.0,173.0,134.0,
549,6.931054,47.568508,123.0,130.0,132.0,251.0,256.0,264.0,63.0,64.0,64.0,78.0,76.0,90.0,671.0,668.0,647.0,485.0,228.0,192.0,
551,7.037278,47.571446,124.0,131.0,137.0,291.0,293.0,301.0,62.0,63.0,63.0,72.0,69.0,82.0,637.0,638.0,617.0,654.0,286.0,148.0,
